id,original_comment,processed_comment,source,sentiment_VADER,sentiment_textblob,sentiment_pattern,sentiment_bert,sentiment_spacy,max_voted_sentiment
1464824798,"æ‚¨å¥½,é€šè¿‡è¿è¡Œå›¾ä¸­çš„é‚£ä¸ªpythonæ–‡ä»¶å³å¯ç”Ÿæˆch09_2.train.npzå’Œch09_2.test.npzä¸¤ä¸ªæ–‡ä»¶





------------------&nbsp;åŸå§‹é‚®ä»¶&nbsp;------------------
å‘ä»¶äºº:                                                                                                                        ""microsoft/ai-edu""                                                                                    ***@***.***&gt;;
å‘é€æ—¶é—´:&nbsp;2023å¹´3æœˆ11æ—¥(æ˜ŸæœŸå…­) ä¸Šåˆ9:35
***@***.***&gt;;
***@***.******@***.***&gt;;
ä¸»é¢˜:&nbsp;Re: [microsoft/ai-edu] æ•°æ®åŒ…ä¸‹è½½è·¯å¾„è®¿é—®å¼‚å¸¸,æ— æ³•æ­£å¸¸ä¸‹è½½ (Issue #755)





 raise Exception(""Cannot find train file."")  
Exception: Cannot find train file.
 ch09_2.train.npzå’Œch09_2.test.npzæ–‡ä»¶å¥½åƒæ²¡æœ‰ï¼Ÿè¿è¡Œä¸äº†data.py
 
â€”
Reply to this email directly, view it on GitHub, or unsubscribe.
You are receiving this because you authored the thread.Message ID: ***@***.***&gt;",issue raise exception find train file exception find train file reply directly view id,issue,negative,positive,neutral,neutral,positive,positive
1464752146,"    raise Exception(""Cannot find train file."")
Exception: Cannot find train file.
ch09_2.train.npzå’Œch09_2.test.npzæ–‡ä»¶å¥½åƒæ²¡æœ‰ï¼Ÿè¿è¡Œä¸äº†data.py",raise exception find train file exception find train file,issue,negative,neutral,neutral,neutral,neutral,neutral
1363702327,"&#64;microsoft/msra-ai-edu-admin 
 This is a reminder that this repo is missing a mandatory file, please add file ASAP.",reminder missing mandatory file please add file,issue,negative,negative,negative,negative,negative,negative
1283491696,"è€å¸ˆæ‚¨å¥½ï¼Œæˆ‘æœ‰ä»¥ä¸‹é—®é¢˜éœ€è¦è¯·æ•™ä¸€ä¸‹ï¼š
1.ä½¿ç”¨çš„æ¢¯åº¦ä¸‹é™ï¼ˆå‚æ•°ä½¿ç”¨çš„æ˜¯æºä»£ç ï¼‰å‘è®¡ç®—çš„ç»“æœå’Œæœ€å°äºŒä¹˜æ³•çš„ç»“æœç›¸å·®æ¯”è¾ƒå¤§ï¼Œç»“æœå¦‚ä¸‹ï¼š
![image](https://user-images.githubusercontent.com/102909786/196611402-0588b120-5de5-4d04-9528-defb72f91508.png)
2.æˆ‘ç”¨pycharmè°ƒç”¨åŸä»£ç ï¼ˆæœªä¿®æ”¹ï¼‰ï¼Œå…¶ä¸­ch04, Level3æŠ¥é”™ç»“æœå¦‚ä¸‹ï¼š
IndexError: too many indices for array: array is 1-dimensional, but 2 were indexed
åŒæ—¶ï¼ŒåŸä»£ç è¿è¡Œæ—¶ï¼ˆæœªä¿®æ”¹ï¼‰ï¼Œch04, Level7ä¹Ÿé‡åˆ°çŸ©é˜µå¤§å°ä¸ä¸€çš„é—®é¢˜ï¼Œå…¶ä¸­ch04, Level7æŠ¥é”™ç»“æœå¦‚ä¸‹ï¼š
RuntimeError: mat1 and mat2 shapes cannot be multiplied (1x32 and 1x1)
è°¢è°¢ï¼

",image many index array array indexed mat mat,issue,negative,positive,positive,positive,positive,positive
1278015782,"<!-- Policy app identification https://img.shields.io/static/v1?label=ContributorLicenseAgreement. -->
@TrellixVulnTeam please read the following Contributor License Agreement(CLA). If you agree with the CLA, please reply with the following information.

```
@microsoft-github-policy-service agree [company=""{your company}""]
```

> Options:
> - (default - no company specified) I have sole ownership of intellectual property rights to my Submissions and I am not making Submissions in the course of work for my employer.
> - (when company given) I am making Submissions in the course of work for my employer (or my employer has intellectual property rights in my Submissions by contract or applicable law). I have permission from my employer to make Submissions and enter into this Agreement on behalf of my employer. By signing below, the defined term â€œYouâ€ includes me and my employer.

<details>
    <summary>Contributor License Agreement</summary>
    
### Contribution License Agreement
This Contribution License Agreement (**â€œAgreementâ€**) is agreed to by the party signing below (**â€œYouâ€**),
and conveys certain license rights to Microsoft Corporation and its affiliates (â€œMicrosoftâ€) for Your
contributions to Microsoft open source projects. This Agreement is effective as of the latest signature
date below.
1. **Definitions**.
**â€œCodeâ€** means the computer software code, whether in human-readable or machine-executable form,
that is delivered by You to Microsoft under this Agreement.
**â€œProjectâ€** means any of the projects owned or managed by Microsoft and offered under a license
approved by the Open Source Initiative (www.opensource.org).
**â€œSubmitâ€** is the act of uploading, submitting, transmitting, or distributing code or other content to any
Project, including but not limited to communication on electronic mailing lists, source code control
systems, and issue tracking systems that are managed by, or on behalf of, the Project for the purpose of
discussing and improving that Project, but excluding communication that is conspicuously marked or
otherwise designated in writing by You as â€œNot a Submission.â€
**â€œSubmissionâ€** means the Code and any other copyrightable material Submitted by You, including any
associated comments and documentation.
2. **Your Submission**. You must agree to the terms of this Agreement before making a Submission to any
Project. This Agreement covers any and all Submissions that You, now or in the future (except as
described in Section 4 below), Submit to any Project.
3. **Originality of Work**. You represent that each of Your Submissions is entirely Your original work.
Should You wish to Submit materials that are not Your original work, You may Submit them separately
to the Project if You (a) retain all copyright and license information that was in the materials as You
received them, (b) in the description accompanying Your Submission, include the phrase â€œSubmission
containing materials of a third party:â€ followed by the names of the third party and any licenses or other
restrictions of which You are aware, and (c) follow any other instructions in the Projectâ€™s written
guidelines concerning Submissions.
4. **Your Employer**. References to â€œemployerâ€ in this Agreement include Your employer or anyone else
for whom You are acting in making Your Submission, e.g. as a contractor, vendor, or agent. If Your
Submission is made in the course of Your work for an employer or Your employer has intellectual
property rights in Your Submission by contract or applicable law, You must secure permission from Your
employer to make the Submission before signing this Agreement. In that case, the term â€œYouâ€ in this
Agreement will refer to You and the employer collectively. If You change employers in the future and
desire to Submit additional Submissions for the new employer, then You agree to sign a new Agreement
and secure permission from the new employer before Submitting those Submissions.
5. **Licenses**.
  * **Copyright License**. You grant Microsoft, and those who receive the Submission directly or
indirectly from Microsoft, a perpetual, worldwide, non-exclusive, royalty-free, irrevocable license in the
Submission to reproduce, prepare derivative works of, publicly display, publicly perform, and distribute
the Submission and such derivative works, and to sublicense any or all of the foregoing rights to third
parties.
  * **Patent License**. You grant Microsoft, and those who receive the Submission directly or
indirectly from Microsoft, a perpetual, worldwide, non-exclusive, royalty-free, irrevocable license under
Your patent claims that are necessarily infringed by the Submission or the combination of the
Submission with the Project to which it was Submitted to make, have made, use, offer to sell, sell and
import or otherwise dispose of the Submission alone or with the Project.
  * **Other Rights Reserved**. Each party reserves all rights not expressly granted in this Agreement.
No additional licenses or rights whatsoever (including, without limitation, any implied licenses) are
granted by implication, exhaustion, estoppel or otherwise.
6. **Representations and Warranties**. You represent that You are legally entitled to grant the above
licenses. You represent that each of Your Submissions is entirely Your original work (except as You may
have disclosed under Section 3). You represent that You have secured permission from Your employer to
make the Submission in cases where Your Submission is made in the course of Your work for Your
employer or Your employer has intellectual property rights in Your Submission by contract or applicable
law. If You are signing this Agreement on behalf of Your employer, You represent and warrant that You
have the necessary authority to bind the listed employer to the obligations contained in this Agreement.
You are not expected to provide support for Your Submission, unless You choose to do so. UNLESS
REQUIRED BY APPLICABLE LAW OR AGREED TO IN WRITING, AND EXCEPT FOR THE WARRANTIES
EXPRESSLY STATED IN SECTIONS 3, 4, AND 6, THE SUBMISSION PROVIDED UNDER THIS AGREEMENT IS
PROVIDED WITHOUT WARRANTY OF ANY KIND, INCLUDING, BUT NOT LIMITED TO, ANY WARRANTY OF
NONINFRINGEMENT, MERCHANTABILITY, OR FITNESS FOR A PARTICULAR PURPOSE.
7. **Notice to Microsoft**. You agree to notify Microsoft in writing of any facts or circumstances of which
You later become aware that would make Your representations in this Agreement inaccurate in any
respect.
8. **Information about Submissions**. You agree that contributions to Projects and information about
contributions may be maintained indefinitely and disclosed publicly, including Your name and other
information that You submit with Your Submission.
9. **Governing Law/Jurisdiction**. This Agreement is governed by the laws of the State of Washington, and
the parties consent to exclusive jurisdiction and venue in the federal courts sitting in King County,
Washington, unless no federal subject matter jurisdiction exists, in which case the parties consent to
exclusive jurisdiction and venue in the Superior Court of King County, Washington. The parties waive all
defenses of lack of personal jurisdiction and forum non-conveniens.
10. **Entire Agreement/Assignment**. This Agreement is the entire agreement between the parties, and
supersedes any and all prior agreements, understandings or communications, written or oral, between
the parties relating to the subject matter hereof. This Agreement may be assigned by Microsoft.

</details>",policy identification please read following contributor license agreement agree please reply following information agree company default company sole ownership intellectual property making course work employer company given making course work employer employer intellectual property contract applicable law permission employer make enter agreement behalf employer defined term employer summary contributor license agreement contribution license agreement contribution license agreement agreement agreed party certain license corporation open source agreement effective latest signature date code computer code whether form agreement project license open source initiative submit act code content project limited communication electronic source code control issue behalf project purpose improving project excluding communication conspicuously marked otherwise writing submission code copyrightable material associated documentation submission must agree agreement making submission project agreement future except section submit project originality work represent entirely original work wish submit original work may submit separately project retain copyright license information received description submission include phrase submission third party third party aware follow project written concerning employer employer agreement include employer anyone else acting making submission contractor vendor agent submission made course work employer employer intellectual property submission contract applicable law must secure permission employer make submission agreement case term agreement refer employer collectively change future desire submit additional new employer agree sign new agreement secure permission new employer copyright license grant receive submission directly indirectly perpetual irrevocable license submission reproduce prepare derivative work publicly display publicly perform distribute submission derivative work sublicense foregoing third patent license grant receive submission directly indirectly perpetual irrevocable license patent necessarily submission combination submission project make made use offer sell sell import otherwise dispose submission alone project reserved party expressly agreement additional whatsoever without limitation implication exhaustion estoppel otherwise represent legally grant represent entirely original work except may disclosed section represent permission employer make submission submission made course work employer employer intellectual property submission contract applicable law agreement behalf employer represent warrant necessary authority bind listed employer agreement provide support submission unless choose unless applicable law agreed writing except expressly stated submission provided agreement provided without warranty kind limited warranty fitness particular purpose notice agree notify writing later become aware would make agreement inaccurate respect information agree information may indefinitely disclosed publicly name information submit submission governing agreement state consent exclusive jurisdiction venue federal sitting king county unless federal subject matter jurisdiction case consent exclusive jurisdiction venue superior court king county waive lack personal jurisdiction forum entire agreement entire agreement prior written oral subject matter hereof agreement may assigned,issue,positive,positive,positive,positive,positive,positive
1274366601,"å†ç½‘ç«™ä¸Šæœ‰å…³äºæ•°æ®çš„è¯´æ˜ã€‚æ˜¯è¦è¿è¡Œç¨‹åºï¼Œä¼šè‡ªåŠ¨ç”Ÿæˆæ•°æ®ã€‚

ä» Windows ç‰ˆé‚®ä»¶<https://go.microsoft.com/fwlink/?LinkId=550986>å‘é€

å‘ä»¶äºº: ***@***.***>
å‘é€æ—¶é—´: 2022å¹´8æœˆ24æ—¥ 21:25
æ”¶ä»¶äºº: ***@***.***>
æŠ„é€: ***@***.***>; ***@***.***>
ä¸»é¢˜: [microsoft/ai-edu] æ— æ³•ä¸‹è½½æ•°æ®> è¯·é—®ï¼Œæ•°æ®åœ¨å“ªé‡Œdown (Issue #747)


è¯·é—®ï¼Œæ•°æ®åœ¨å“ªé‡Œdown

https://github.com/microsoft/ai-edu/tree/master/%E5%9F%BA%E7%A1%80%E6%95%99%E7%A8%8B/A2-%E7%A5%9E%E7%BB%8F%E7%BD%91%E7%BB%9C%E5%9F%BA%E6%9C%AC%E5%8E%9F%E7%90%86/src

Originally posted by @xiaowuhu<https://github.com/xiaowuhu> in #415 (comment)<https://github.com/microsoft/ai-edu/issues/415#issuecomment-915735604>

â€•
Reply to this email directly, view it on GitHub<https://github.com/microsoft/ai-edu/issues/747>, or unsubscribe<https://github.com/notifications/unsubscribe-auth/AEST6DDQLRK2YJ6CMNL7UKLV2YPFXANCNFSM57PKSCRQ>.
You are receiving this because you were mentioned.Message ID: ***@***.***>

",issue originally posted comment reply directly view id,issue,negative,positive,positive,positive,positive,positive
1234614359,"&#64;microsoft/msra-ai-edu-admin 
 This is a reminder that there is an open pr for you to merge. This is a mandatory file. Please do so ASAP.",reminder open merge mandatory file please,issue,negative,neutral,neutral,neutral,neutral,neutral
1226782006,"çœ‹ä¸€ä¸‹ A2-ç¥ç»ç½‘ç»œåŸºæœ¬åŸç†/src/Data/*.py, æ˜¯å„ç« çš„æ•°æ®ç”Ÿæˆå·¥å…·ã€‚æ³¨æ„æŠŠç”Ÿæˆå¥½çš„æ–‡ä»¶copyåˆ°ç›®æ ‡ç« èŠ‚è¿è¡Œå³å¯ã€‚

ä» Windows ç‰ˆé‚®ä»¶<https://go.microsoft.com/fwlink/?LinkId=550986>å‘é€

å‘ä»¶äºº: ***@***.***>
å‘é€æ—¶é—´: 2022å¹´8æœˆ25æ—¥ 10:47
æ”¶ä»¶äºº: ***@***.***>
æŠ„é€: ***@***.***>; ***@***.***>
ä¸»é¢˜: Re: [microsoft/ai-edu] æ— æ³•ä¸‹è½½æ•°æ®> è¯·é—®ï¼Œæ•°æ®åœ¨å“ªé‡Œdown (Issue #747)


è¿è¡ŒDataDownload.pyï¼Œæ”¶åˆ°å¼‚å¸¸ <urlopen error [Errno 8] nodename nor servname provided, or not known>

â€•
Reply to this email directly, view it on GitHub<https://github.com/microsoft/ai-edu/issues/747#issuecomment-1226706669>, or unsubscribe<https://github.com/notifications/unsubscribe-auth/AEST6DDY5RXL4M3VCGNYZG3V23NEBANCNFSM57PKSCRQ>.
You are receiving this because you were mentioned.Message ID: ***@***.***>

",issue error provided known reply directly view id,issue,negative,positive,neutral,neutral,positive,positive
1201994547,"&#64;YanjieGao &#64;msftgits &#64;xiaowuhu &#64;msftdata &#64;mslichao &#64;peterchenhao &#64;msxuc 
This is a reminder that there is an open [PR](https://github.com/microsoft/ai-edu/pull/733) for you to merge a SECURITY.MD file on your repo. This is a mandatory file. Please do so ASAP.",reminder open merge file mandatory file please,issue,negative,neutral,neutral,neutral,neutral,neutral
1153158935,"Welcome to visit my project's repo:

https://github.com/UEFI-code/MSRA_thePracticeSpaceProject_AIMusic

I apologize for not good at Music & NLP, but I'm trying hard to complete it!
Continuous updating...

Name: Shizhuo Zhang
School: Beijing Information and Science Technology University",welcome visit project apologize good music trying hard complete continuous name school information science technology university,issue,positive,positive,positive,positive,positive,positive
1145818026,"Welcome to visit my project's repo!
Continues updatingğŸ˜
https://github.com/UEFI-code/MSRA_thePracticeSpaceProject_PyTorchCUDA

The Research & Experiment's detail is in the repo's wiki:
https://github.com/UEFI-code/MSRA_thePracticeSpaceProject_PyTorchCUDA/wiki

Please feel free to reply me here or open an issue in my repo if you have any questions!

Thanks you for testing my code and reading my wiki!

Name: Shizhuo Zhang, Yue Fang
School: Beijing Information Science and Technology University",welcome visit project research experiment detail please feel free reply open issue thanks testing code reading name fang school information science technology university,issue,positive,positive,positive,positive,positive,positive
1144611209,Please solve conflict before merge,please solve conflict merge,issue,negative,neutral,neutral,neutral,neutral,neutral
992057487,"[![CLA assistant check](https://cla.opensource.microsoft.com/pull/badge/not_signed)](https://cla.opensource.microsoft.com/microsoft/ai-edu?pullRequest=703) <br/>Thank you for your submission, we really appreciate it. Like many open source projects, we ask that you sign our [Contributor License Agreement](https://cla.opensource.microsoft.com/microsoft/ai-edu?pullRequest=703) before we can accept your contribution.<br/><br/>:x: MintGreen-hub [sign now](https://cla.opensource.microsoft.com/microsoft/ai-edu?pullRequest=703)<br/><sub>You have signed the CLA already but the status is still pending? Let us [recheck](https://cla.opensource.microsoft.com/check/microsoft/ai-edu?pullRequest=703) it.</sub>",assistant check thank submission really appreciate like many open source ask sign contributor license agreement accept sign already status still pending let u recheck,issue,positive,positive,positive,positive,positive,positive
990932940,"If we could update in this way, we could make a significant improvement of the contents for later video format content",could update way could make significant improvement content later video format content,issue,positive,positive,positive,positive,positive,positive
981328267,"è€å¸ˆæ‚¨å¥½ï¼Œèƒ½å¸®æˆ‘çœ‹çœ‹ä¸ºä»€ä¹ˆä¸ºä¸‹é¢çš„æƒ³æ³•æ˜¯é”™è¯¯çš„å‘¢ï¼Ÿ
ä»¥æ±‚ä¸€å…ƒçº¿æ€§æ‹Ÿåˆçš„å•å±‚ç¥ç»å…ƒä¸ºä¾‹å­ï¼Œç¥ç»å…ƒçš„forwardè¡¨è¾¾å¼ä¸ºz=w*x+bï¼ŒæŸå¤±å‡½æ•°ç”¨å‡æ–¹å·®å‡½æ•°loss=pow(z-y,2)/2
æˆ‘çš„æ€è·¯æ˜¯ï¼š
1. å…ˆæ ¹æ®æ¢¯åº¦ä¸‹é™å…¬å¼å¯¹æŸå¤±å‡½æ•°ä¸zçš„å…³ç³»è¿›è¡Œæ¨å¯¼ï¼Œè¿™æ ·å°±èƒ½ç®—å‡ºä¸ºäº†æ¢¯åº¦ä¸‹é™æŸå¤±å€¼ï¼Œzè¦æ€ä¹ˆå»å˜åŒ–ï¼Œä¹Ÿå°±æ˜¯delta_z=-eta*(losså¯¹zçš„åå¯¼)ï¼›
2. çŸ¥é“zè¦æ€ä¹ˆå˜åŒ–ä¹Ÿå°±æ˜¯ä¸Šä¸€ä¸ªç¥ç»å…ƒçš„è¾“å‡ºè¦æ€ä¹ˆå˜åŒ–ï¼Œç„¶ååå‘ä¼ æ’­ç»™ç¥ç»å…ƒdelta_zï¼Œè®©å…¶æ ¹æ®delta_zæ¥è°ƒæ•´è‡ªå·±çš„æƒé‡å€¼ï¼Œä¹Ÿå°±æ˜¯è°ƒæ•´wå’Œbã€‚å…·ä½“å°±æ˜¯ç¥ç»å…ƒæ ¹æ®è‡ªå·±çš„è¡¨è¾¾å¼å¯¹wå’Œbçš„åå¯¼ï¼ˆdelta_z/delta_w=zå¯¹wçš„åå¯¼ã€delta_z/delta_b=zå¯¹bçš„åå¯¼ï¼‰æ¥ç®—å‡ºdelta|_wå’Œdelta_bçš„å€¼ï¼Œç„¶ååœ¨æ›´æ–°wå’Œbçš„å€¼ï¼ˆw+=delta_wã€b+=delta_bï¼‰
ä¹‹åæˆ‘æ ¹æ®è¿™ä¸ªæ€è·¯æ¥å†™ä»£ç å¹¶ç”¨ch04.npzçš„æ•°æ®æ¥éªŒè¯æ—¶ç»“æœå´åå·®å¾ˆå¤§ï¼Œä»£ç å¦‚ä¸‹ï¼š
```python
import matplotlib.pyplot as plt
class NeuralNet(object):
    def __init__(self):
        self.w = 0
        self.b = 0
        self.x=0
    def forward(self,x):
        self.x=x
        return self.x*self.w+self.b
    # def backward(self,z,y,eta):
    #     delta_w=-eta*(z-y)*self.x
    #     delta_b=-eta*(z-y)
    #     self.w+=delta_w
    #     self.b+=delta_b
    #     return delta_w,self.w,delta_b,self.b
    def backward(self,delta_z):
        delta_w=delta_z/self.x
        delta_b=delta_z
        self.w+=delta_w
        self.b+=delta_b
        return delta_w,self.w,delta_b,self.b
eta=0.1
def loss(z,y):
    return pow(z-y,2)/2
def get_delta_z(z,y):
    return -eta*(z-y)
file_name = ""D://å­¦ä¹ //äººå·¥æ™ºèƒ½//ai-edu-master//Data//ch04.npz""
from HelperClass.DataReader_1_0 import *
if __name__ == '__main__':
    reader = DataReader_1_0(file_name)
    reader.ReadData()
    X,Y = reader.GetWholeTrainSamples()
    net=NeuralNet()
    for i in range(reader.num_train):
         # get x and y value for one sample
        xi = X[i]
        yi = Y[i]
        zi=net.forward(xi)
        delta_z=get_delta_z(zi,yi)
        delta_w,w,delta_b,b=net.backward(delta_z)
        # delta_w,w,delta_b,b=net.backward(zi,yi,eta)
        print(""x="",xi,""y="",yi,""z="",zi,""loss="",loss(zi,yi),""delta_z="",delta_z,""delta_w="",delta_w,""w="",w,""delta_b="",delta_b,""b="",b)
    # draw sample data
    plt.plot(X, Y, ""b."")
    plt.title(""Air Conditioner Power"")
    plt.xlabel(""Number of Servers(K)"")
    plt.ylabel(""Power of Air Conditioner(KW)"")
    PX = np.linspace(0,1,10)
    PZ = net.forward(PX)
    plt.plot(PX, PZ, ""r"")
    plt.show()


```
è®­ç»ƒä¹‹åçš„wï¼ˆ3096.04578468ï¼‰å’Œbï¼ˆ-1168.9221563ï¼‰å€¼éƒ½éå¸¸å¤§
è¯·é—®æˆ‘æ˜¯å“ªé‡Œå‡ºé”™äº†å‘¢ï¼Ÿ",python import class object self forward self return backward self eta return backward self return loss return pow return import reader range get value one sample xi xi eta print xi loss draw sample data air conditioner power number power air conditioner,issue,negative,neutral,neutral,neutral,neutral,neutral
966793741,"I cloned the code, but did not find the  dataset file. Could anybody help me? Please~",code find file could anybody help,issue,negative,neutral,neutral,neutral,neutral,neutral
944050021,"unsubscribe




------------------&nbsp;åŸå§‹é‚®ä»¶&nbsp;------------------
å‘ä»¶äºº:                                                                                                                        ""microsoft/ai-edu""                                                                                    ***@***.***&gt;;
å‘é€æ—¶é—´:&nbsp;2021å¹´10æœˆ15æ—¥(æ˜ŸæœŸäº”) ä¸‹åˆ3:00
***@***.***&gt;;
***@***.***&gt;;
ä¸»é¢˜:&nbsp;[microsoft/ai-edu] Delete å®è·µé¡¹ç›®/2020_è®¢åˆ¶ä¸€ä¸ªæ–°çš„å¼ é‡è¿ç®— directory (#682)



 
 
You can view, comment on, or merge this pull request online at:
 
&nbsp; https://github.com/microsoft/ai-edu/pull/682
 
Commit Summary
    
Delete å®è·µé¡¹ç›®/2020_è®¢åˆ¶ä¸€ä¸ªæ–°çš„å¼ é‡è¿ç®— directory
  
File Changes
    
     D     å®è·µé¡¹ç›®/2020_è®¢åˆ¶ä¸€ä¸ªæ–°çš„å¼ é‡è¿ç®—/zhangliang.png     (0)   
  
Patch Links:
    
https://github.com/microsoft/ai-edu/pull/682.patch
   
https://github.com/microsoft/ai-edu/pull/682.diff
  
â€”
You are receiving this because you are subscribed to this thread.
Reply to this email directly, view it on GitHub, or unsubscribe.
Triage notifications on the go with GitHub Mobile for iOS or Android.",delete directory view comment merge pull request commit summary delete directory file patch link thread reply directly view triage go mobile android,issue,negative,positive,neutral,neutral,positive,positive
919117168,Please change file name readme.MD to README.md,please change file name,issue,negative,neutral,neutral,neutral,neutral,neutral
894713264,"> Please let someone know that **Latex** does not show up correctly in the Chinese and English versions.
> This might be an issue for every file.
> ![image](https://user-images.githubusercontent.com/37851975/126840214-deeda4ef-8b3e-4d9f-917c-ec07333917bf.png)

you need to install a plug-in in your browser if you are using chrome to display latex in your browser.",please let someone know latex show correctly might issue every file image need install browser chrome display latex browser,issue,negative,neutral,neutral,neutral,neutral,neutral
894713166,"> @xiaowuhu Do you know what the CI error is?

ignore this. a intern setup a CI pipeline to build .md files to readthedoc files.",know error ignore intern setup pipeline build,issue,negative,neutral,neutral,neutral,neutral,neutral
877563998,"Hi Mark,

Tingting just modify the folder structure, add en-us folder at root, but we donâ€™t need to add anything into that new folder, we just follow our old rule to add the en-us content into
ai-edu/åŸºç¡€æ•™ç¨‹/A2-ç¥ç»ç½‘ç»œåŸºæœ¬åŸç†/en-us at master ãƒ» microsoft/ai-edu (github.com)<https://github.com/microsoft/ai-edu/tree/master/%E5%9F%BA%E7%A1%80%E6%95%99%E7%A8%8B/A2-%E7%A5%9E%E7%BB%8F%E7%BD%91%E7%BB%9C%E5%9F%BA%E6%9C%AC%E5%8E%9F%E7%90%86/en-us>

then add link into the ai-edu/en-us at master ãƒ» microsoft/ai-edu (github.com)<https://github.com/microsoft/ai-edu/tree/master/en-us> folder.


Sent from Mail<https://go.microsoft.com/fwlink/?LinkId=550986> for Windows 10

From: Mark ***@***.***>
Sent: Saturday, July 10, 2021 8:43 AM
To: ***@***.***>
Cc: ***@***.***>; Review ***@***.***>
Subject: Re: [microsoft/ai-edu] Ting/merge-en-us (#657)


I also want to point out that the overall English organization is not very good.
ai-edu/åŸºç¡€æ•™ç¨‹/A2-ç¥ç»ç½‘ç»œåŸºæœ¬åŸç†/en-us/Step7 - DNN/
In order to navigate to any English content, I have to go through 2 folders that do not have any English.

â€•
You are receiving this because your review was requested.
Reply to this email directly, view it on GitHub<https://github.com/microsoft/ai-edu/pull/657#issuecomment-877524512>, or unsubscribe<https://github.com/notifications/unsubscribe-auth/AEST6DCIX5P42FBM45COVODTW6JTPANCNFSM4773DB2A>.

",hi mark modify folder structure add folder root need add anything new folder follow old rule add content master add link master folder sent mail mark sent review subject also want point overall organization good order navigate content go review reply directly view,issue,negative,positive,positive,positive,positive,positive
877524512,"I also want to point out that the overall English organization is not very good.
``ai-edu/åŸºç¡€æ•™ç¨‹/A2-ç¥ç»ç½‘ç»œåŸºæœ¬åŸç†/en-us/Step7 - DNN/``
In order to navigate to any English content, I have to go through 2 folders that do not have any English.",also want point overall organization good order navigate content go,issue,negative,positive,positive,positive,positive,positive
877524114,"I have a question. In the root of the repository, why is everything under ``en-us`` in Chinese?
https://github.com/microsoft/ai-edu/tree/master/en-us ",question root repository everything,issue,negative,neutral,neutral,neutral,neutral,neutral
847219445,Is forward propagation the same as forward calculation?,forward propagation forward calculation,issue,negative,neutral,neutral,neutral,neutral,neutral
847063751,"æ˜¯çš„ï¼Œå¯ä»¥è¿™ä¹ˆç†è§£ã€‚
å‡†ç¡®åœ°è¯´ï¼Œè¯¯å·®åœ¨å±‚ä¹‹é—´é€šè¿‡åå‘ä¼ æ’­ä¼ é€’ã€‚

Thanks,
Xiaowu

________________________________
From: daiezhu ***@***.***>
Sent: Monday, May 24, 2021 10:41:03 AM
To: microsoft/ai-edu ***@***.***>
Cc: xiaowuhu ***@***.***>; Author ***@***.***>
Subject: Re: [microsoft/ai-edu] ç¬¬äºŒç« ã€Šåå‘ä¼ æ’­ä¸æ¢¯åº¦ä¸‹é™ã€‹è®¨è®ºåŒº (#413)


ä½ å¥½è€å¸ˆï¼Œæˆ‘æŠŠåå‘ä¼ æ’­ä¸æ¢¯åº¦ä¸‹é™ææ··äº†ï¼Œæˆ‘æ˜¯ä¸æ˜¯å¯ä»¥è¿™ä¹ˆç†è§£ï¼šç¥ç»ç½‘ç»œæŸä¸€å±‚çš„è¯¯å·®å¯ä»¥ç”¨æ¢¯åº¦ä¸‹é™è®¡ç®—ã€è€Œå±‚ä¸å±‚çš„è¯¯å·®æ˜¯åå‘ä¼ æ’­çš„ï¼Ÿ

â€•
You are receiving this because you authored the thread.
Reply to this email directly, view it on GitHub<https://github.com/microsoft/ai-edu/issues/413#issuecomment-846692033>, or unsubscribe<https://github.com/notifications/unsubscribe-auth/AEST6DBZSTL2VXDZ3H4ZEULTPG4D7ANCNFSM4JPMVQGQ>.
",thanks sent may author subject thread reply directly view,issue,negative,positive,neutral,neutral,positive,positive
846595552,"I chose to finish this first, as I finished half of it already.",chose finish first finished half already,issue,negative,positive,neutral,neutral,positive,positive
844704021,"> @xiaowuhu Who is 'we'?
> ![image](https://user-images.githubusercontent.com/37851975/118571384-e6f24780-b74b-11eb-99be-4dfd5e2e0d53.png)

'we' have 2 students who are working on the translation work, but the progress is not fast. if you want to join us, please let me know. We will pay for the job.",image working translation work progress fast want join u please let know pay job,issue,positive,positive,positive,positive,positive,positive
842722438,"This is easy to fix.  @xja
Copy the single line that you changed. Delete this pull request (or update this one). On your forked repo, fetch the latest updates.
Then paste the line back where you want it and resubmit a pull request. 

github makes it easy to fix conflicts as well, but xja:patch-3 is out dated",easy fix copy single line delete pull request update one forked fetch latest paste line back want resubmit pull request easy fix well,issue,positive,positive,positive,positive,positive,positive
817248447,"> ä¸ºä»€ä¹ˆ`ConvLayer`çš„`output_shape=(self.OutC, self.OutH, self.OutH)`è€Œä¸æ˜¯`output_shape=(self.OutC, self.OutH, self.OutW)`?
> <img alt=""æˆªå±2021-01-24 ä¸‹åˆ8 11 30"" width=""523"" src=""https://user-images.githubusercontent.com/12928690/105629937-dfe3b880-5e80-11eb-84a0-49bfb91de2d7.png"">

this should be typo(bug), so could you please submit a PullRequest to fix it?",typo bug could please submit fix,issue,negative,neutral,neutral,neutral,neutral,neutral
774421693,"1. å›¢é˜Ÿåï¼šNNI-singleDog
2. å›¢é˜Ÿäººå‘˜ï¼šé™ˆæ¶µ
3. å›¢é˜Ÿå­¦æ ¡ï¼šåå—ç†å·¥å¤§å­¦
4. ä»»åŠ¡å®Œæˆæƒ…å†µï¼š
     - [x] Task 1
- [ ] Task 2
  - [x] Task 2.1
  - [ ] Task 2.2
- [ ] Task 3
  - [x] Task 3.1
  - [ ] Task 3.2
    - [ ] Task 3.2.1
    - [ ] Task 3.2.2
- [ ] Task 4
  - [x] Task 4 é¡¹ç›®å¯åŠ¨æŠ¥å‘Š
5. Github Repoåœ°å€ï¼šhttps://github.com/Concyclics/NNI-singleDog",task task task task task task task task task task task,issue,negative,neutral,neutral,neutral,neutral,neutral
774370178,"1. å›¢é˜Ÿåï¼šNNI Take me fly
2. å›¢é˜Ÿäººå‘˜ï¼šå‘¨æ¥·å½¬ã€åº„æ³½æ¨ã€æä¿Šæ°
3. å›¢é˜Ÿå­¦æ ¡ï¼šåŒæµå¤§å­¦
4. ä»»åŠ¡å®Œæˆæƒ…å†µï¼š
    - [x]  Task 1
    - [x]  Task 2.1
    - [x]  Task 3.1
    - [x]  Task 4 é¡¹ç›®å¯åŠ¨æ–‡æ¡£
5. Github Repoåœ°å€ï¼šhttps://github.com/kb824999404/NNI-Take-me-fly",take fly task task task task,issue,negative,positive,positive,positive,positive,positive
770589793,"OK, I won't notify you again about this release, but will get in touch when a new version is available. If you'd rather skip all updates until the next major or minor version, let me know by commenting `@dependabot ignore this major version` or `@dependabot ignore this minor version`.

If you change your mind, just re-open this PR and I'll resolve any conflicts on it.",wo notify release get touch new version available rather skip next major minor version let know ignore major version ignore minor version change mind resolve,issue,negative,positive,neutral,neutral,positive,positive
770535109,"i'm not quite familiar with git, don't know how to resolve this kind of merge conflicts",quite familiar git know resolve kind merge,issue,positive,positive,positive,positive,positive,positive
754050636,"1. å›¢é˜Ÿåï¼šçˆ±æƒ…éƒ½æ˜¯å‘å¾®çš„
2. å›¢é˜Ÿäººå‘˜ï¼šç‹æ¨¾
3. å›¢é˜Ÿå­¦æ ¡ï¼šåå—ç†å·¥å¤§å­¦
4. ä»»åŠ¡å®Œæˆæƒ…å†µï¼š
- [x] Task 1
- [x] Task 2.1
- [x] Task 2.2
- [x] Task 3.1
- [x] Task 3.2.1
- [ ] Task 3.2.2
- [x] Task 4 é¡¹ç›®å¯åŠ¨æŠ¥å‘Š
5. Github Repoåœ°å€ï¼šhttps://github.com/Garen-Wang/NNI-Student-Program-2020",task task task task task task task,issue,negative,neutral,neutral,neutral,neutral,neutral
753583855,"1.å›¢é˜Ÿåï¼šå¾ˆæœ‰ç²¾ç¥
2.å›¢é˜Ÿäººå‘˜ï¼šèŒƒæ£®ç„¶ã€èµµé’°æ¨ã€çŸ³åŸºå®½
3.å›¢é˜Ÿå­¦æ ¡ï¼šåŒ—äº¬é‚®ç”µå¤§å­¦
4.ä»»åŠ¡å®Œæˆæƒ…å†µ:    
   - Task1                âˆšã€å…¨éƒ¨å®Œæˆã€‘
   - Task2                âˆšã€å…¨éƒ¨å®Œæˆã€‘
   - Task3                âˆšã€å…¨éƒ¨å®Œæˆã€‘
   - Task4                âˆšã€å…¨éƒ¨å®Œæˆã€‘
5.Github Repoåœ°å€:  https://github.com/RuaYiii/MSC-NNI-project",task task task task,issue,negative,neutral,neutral,neutral,neutral,neutral
751721998,"1. å›¢é˜Ÿåï¼šç”µè„‘ä¸€å¸¦äº”
2. å›¢é˜Ÿäººå‘˜ï¼šå¾æ»¡å¿ƒã€æä¹å¤©ã€å­Ÿç¹é’ã€å°šä¸™å¥‡ã€é™ˆå²æ˜•
3. å›¢é˜Ÿå­¦æ ¡ï¼šåŒæµå¤§å­¦
4. ä»»åŠ¡å®Œæˆæƒ…å†µï¼š
    - [x] Task 1
    - [x] Task 2
      - [x] Task 2.1
      - [x] Task 2.2
    - [x] Task 3
	    - [x] Task 3.1
	    - [x] Task 3.2
		    - [x] Task 3.2.1
		    - [x] Task 3.2.2
    - [x] Task 4
	    - [x] é¡¹ç›®å¯åŠ¨æŠ¥å‘Š
	    - [ ] é¡¹ç›®ä¸­æœŸæŠ¥å‘Š
	    - [x] é¡¹ç›®ç»“é¢˜æŠ¥å‘Š 
5. Github Repoåœ°å€ï¼šhttps://github.com/xmx-521/NNI-Student-Program-2020
6. è¡¥å……ä¿¡æ¯ï¼šä¿®å¤äº†NNI docçš„ä¸€ä¸ªbugï¼šhttps://github.com/microsoft/nni/pull/3448",task task task task task task task task task task,issue,negative,neutral,neutral,neutral,neutral,neutral
695913867,"Hi @qindagang, Thank you for your bug fix and contribution. It is helpful. I have a small question. I saw you just reverse the order of a sentence and a formula. I am not sure about the reason, may I get your opinion about this?",hi thank bug fix contribution helpful small question saw reverse order sentence formula sure reason may get opinion,issue,positive,positive,positive,positive,positive,positive
695908379,"> è€å¸ˆå¥½ï¼Œè¿™æ˜¯æˆ‘çš„ä½œä¸šã€‚
> https://github.com/qindagang/ai-edu-assignments/tree/master/%E4%BD%9C%E4%B8%9A3-%E5%8D%B7%E7%A7%AF%E7%A5%9E%E7%BB%8F%E7%BD%91%E7%BB%9C

looks great! can you give a summary about the model selection, or the hyper parameters selection, according to your homework result?",great give summary model selection hyper selection according homework result,issue,positive,positive,positive,positive,positive,positive
691786133,"éå¸¸æœŸå¾…è¯¥ä¹¦å‡ºç‰ˆï¼




------------------&nbsp;åŸå§‹é‚®ä»¶&nbsp;------------------
å‘ä»¶äºº:                                                                                                                        ""microsoft/ai-edu""                                                                                    <notifications@github.com&gt;;
å‘é€æ—¶é—´:&nbsp;2020å¹´9æœˆ14æ—¥(æ˜ŸæœŸä¸€) ä¸­åˆ11:09
æ”¶ä»¶äºº:&nbsp;""microsoft/ai-edu""<ai-edu@noreply.github.com&gt;;
æŠ„é€:&nbsp;""K""<526413367@qq.com&gt;;""Comment""<comment@noreply.github.com&gt;;
ä¸»é¢˜:&nbsp;Re: [microsoft/ai-edu] ç¬¬ä¸‰ç«  ã€ŠæŸå¤±å‡½æ•°ã€‹è®¨è®ºåŒº (#414)





 
u r welcome! hope to give more feedback for the following self-study. æœ¬ä¹¦ã€Šæ™ºèƒ½ä¹‹é—¨ã€‹å¿«å‡ºç‰ˆäº†ï¼Œé«˜ç­‰æ•™è‚²å‡ºç‰ˆç¤¾ï¼Œæœ›å…³æ³¨ã€‚
 
â€”
You are receiving this because you commented.
Reply to this email directly, view it on GitHub, or unsubscribe.",comment comment welcome hope give feedback following reply directly view,issue,positive,positive,positive,positive,positive,positive
691785389,u r welcome! hope to give more feedback for the following self-study. æœ¬ä¹¦ã€Šæ™ºèƒ½ä¹‹é—¨ã€‹å¿«å‡ºç‰ˆäº†ï¼Œé«˜ç­‰æ•™è‚²å‡ºç‰ˆç¤¾ï¼Œæœ›å…³æ³¨ã€‚,welcome hope give feedback following,issue,positive,positive,positive,positive,positive,positive
691784225,"éå¸¸æ„Ÿè°¢ä½ ä»¬å‡ºçš„è¿™ä¸ªæ•™ç¨‹ï¼Œè®©æˆ‘å¯¹ç¥ç»ç½‘ç»œæœ‰äº†æ›´æ·±çš„ç†è§£ã€‚




------------------&nbsp;åŸå§‹é‚®ä»¶&nbsp;------------------
å‘ä»¶äºº:                                                                                                                        ""microsoft/ai-edu""                                                                                    <notifications@github.com&gt;;
å‘é€æ—¶é—´:&nbsp;2020å¹´9æœˆ14æ—¥(æ˜ŸæœŸä¸€) ä¸­åˆ11:00
æ”¶ä»¶äºº:&nbsp;""microsoft/ai-edu""<ai-edu@noreply.github.com&gt;;
æŠ„é€:&nbsp;""K""<526413367@qq.com&gt;;""Comment""<comment@noreply.github.com&gt;;
ä¸»é¢˜:&nbsp;Re: [microsoft/ai-edu] ç¬¬ä¸‰ç«  ã€ŠæŸå¤±å‡½æ•°ã€‹è®¨è®ºåŒº (#414)





 
æ˜¯ä¸€å›äº‹å„¿ã€‚åæ¥æˆ‘ç”¨show_3d_surfaceä»£æ›¿CalculateCostWBäº†ï¼Œåœ¨ä¸»å‡½æ•°é‡Œæ³¨é‡Šæ‰å¯¹åè€…çš„è°ƒç”¨ï¼Œä½†æ˜¯æ²¡æœ‰åˆ æ‰è¯¥å‡½æ•°ã€‚
 
â€”
You are receiving this because you commented.
Reply to this email directly, view it on GitHub, or unsubscribe.",comment comment reply directly view,issue,negative,positive,neutral,neutral,positive,positive
690985162,"0.3-1 å‡æ–¹å·®æŸå¤±å‡½æ•°çš„éƒ¨åˆ†codeå­˜åœ¨é—®é¢˜ã€‚
CalculateCostWBä¸­3Dç»˜å›¾æ—¶W,B åº”è¯¥ä¸ºç½‘æ ¼ç‚¹åæ ‡çŸ©é˜µï¼ŒLossçŸ©é˜µæ ¼å¼åº”è¯¥ä¸ºBè¡ŒWåˆ—ã€‚
å…·ä½“ä¿®æ”¹å¦‚ä¸‹ï¼š
def CalculateCostWB(x,y,n,w,b):
    W = np.linspace(w-2,w+2, 50)
    B = np.linspace(b-2,b+2, 50)
    Loss=np.zeros((len(B),len(W)))
    for i in range(len(B)):
        for j in range(len(W)):
            w = W[j]
            b = B[i]
            a = w*x+b
            loss = CostFunction(x,y,a,n)
            Loss[i,j] = loss
    W, B = np.meshgrid(W, B)
    fig = plt.figure()
    ax = Axes3D(fig)
    ax.plot_surface(W,B,Loss, cmap='rainbow', norm=LogNorm())
    ax.contour(W, B, Loss, zdir = 'z', offset = 0)
    plt.show()

",range range loss loss loss fig ax fig loss loss offset,issue,negative,neutral,neutral,neutral,neutral,neutral
690128131,"ã€åŒå‘å¾ªç¯ç¥ç»ç½‘ç»œã€‘
åœ¨**19.7.3 åå‘ä¼ æ’­**ä¸­æ¨å¯¼**æ­£å‘å¾ªç¯çš„åå‘ä¼ æ’­**æ—¶ï¼Œå…¬å¼10å¯¹ä¸­é—´æ­¥çš„è®¡ç®—å¦‚ä¸‹ï¼š

> å¯¹äºä¸­é—´çš„æ‰€æœ‰æ—¶é—´æ­¥ï¼Œé™¤äº†æœ¬æ—¶é—´æ­¥çš„losstå›ä¼ è¯¯å·®å¤–ï¼Œåä¸€ä¸ªæ—¶é—´æ­¥çš„h1t+1ä¹Ÿä¼šå›ä¼ è¯¯å·®ï¼š
$$
\begin{aligned}
\frac{\partial Loss}{\partial h1_t} &= \frac{\partial loss_t}{\partial z_t}\frac{\partial z_t}{\partial s_t}\frac{\partial s_t}{\partial s1_t}\frac{\partial s1_t}{\partial h1_t} + \frac{\partial Loss}{\partial h1_{t+1}}\frac{\partial h1_{t+1}}{\partial s1_{t}}\frac{\partial s1_t}{\partial h1_t}
\\
&=dz_t \cdot V^T \odot \sigma'(s1_t) + \frac{\partial Loss}{\partial h1_{t+1}} \cdot W1^T \odot \sigma'(s1_t)
\\
&=(dz_t \cdot V^T + dh1_{t+1} \cdot W1^T) \odot \sigma'(s1_t) \rightarrow dh1_t
\end{aligned} \tag{10}
$$

æˆ‘æœ‰ä¸€ç‚¹ç–‘é—®ï¼Œå°±æ˜¯æœ¬ç« ä¸­çš„åŒå‘å¾ªç¯ç¥ç»ç½‘ç»œçš„ä¸­é—´æ­¥å¹¶æ²¡æœ‰è¾“å‡ºï¼Œåå‘è®¡ç®—ä¸­æœ¬æ—¶é—´æ­¥ä¹Ÿå¹¶æ²¡æœ‰losså›ä¼ è¯¯å·®ï¼Œå³${\partial loss_t}$ä¸º${0}$ï¼Œ${dz_t}$ä¸º$0$ã€‚æ•…å…¬å¼10æŒ‰ä¸‹é¢çš„å½¢å¼å†™æ˜¯ä¸æ˜¯æ›´åˆç†ä¸€ç‚¹ï¼Ÿ
$$
\begin{aligned}
\frac{\partial Loss}{\partial h1_t} &= \frac{\partial Loss}{\partial h1_{t+1}}\frac{\partial h1_{t+1}}{\partial s1_{t}}\frac{\partial s1_t}{\partial h1_t}
\\
&= \frac{\partial Loss}{\partial h1_{t+1}} \cdot W1^T \odot \sigma'(s1_t)
\\
&=dh1_{t+1} \cdot W1^T \odot \sigma'(s1_t) \rightarrow dh1_t
\end{aligned} \tag{10}
$$

åœ¨Level7_BiRnn_MNIST.pyçš„timestepç±»ä¸­backward_3æ–¹æ³•ä¹Ÿæœ‰`self.dz = np.zeros_like(y)`çš„æ“ä½œã€‚

 :)",loss loss loss loss loss loss,issue,negative,neutral,neutral,neutral,neutral,neutral
684162476,"It works on MathJax Plugin for Github.
Also look at these two issues.
https://github.com/KaTeX/KaTeX/issues/1345
https://github.com/KaTeX/KaTeX/issues/2004",work also look two,issue,negative,neutral,neutral,neutral,neutral,neutral
682408602,"> 2.ä»ç»“æœä¸Šçœ‹ç»†çº¿å’Œå¤§è‰²å—å¯¹DNNçš„å½±å“è¾ƒå¤§ï¼Œè¯·å°è¯•å»æ‰ç»†çº¿æ ·æœ¬ï¼Œçœ‹çœ‹DNNçš„å‡†ç¡®åº¦æ˜¯å¦å¯ä»¥æé«˜

é¦–å…ˆå°†dataä¸­ch18_color.pyçš„ç»†çº¿æ ·æœ¬æ›¿æ¢ä¸ºä¸‰è§’å½¢æ ·æœ¬
`line(drawObj, rand[i])` æ”¹ä¸º `triangle(drawObj, rand[i])`

æ ·æœ¬é¢„è§ˆï¼š
![Figure_4](https://user-images.githubusercontent.com/12928690/91540795-e57ab800-e94d-11ea-8c59-bb02981744db.png)

å°†å½©è‰²å›¾è½¬æ¢æˆç°åº¦å›¾ï¼Œdnnå¯¹æ–°æ ·æœ¬æ•°æ®ä¸¤æ¬¡è¿›è¡Œè®­ç»ƒåå¾—åˆ°çš„ç»“æœå¦‚ä¸‹ï¼š
![Figure_5](https://user-images.githubusercontent.com/12928690/91540861-ffb49600-e94d-11ea-98b8-d9f20c88224e.png)
```
time used: 43.04283595085144
total weights abs sum= 11593.269184373294
total weights = 108928
little weights = 6775
zero weights = 64
testing...
0.902
```
![Figure_7](https://user-images.githubusercontent.com/12928690/91540968-2ecb0780-e94e-11ea-893e-7ed213aedbdc.png)
```
time used: 23.654547214508057
total weights abs sum= 11594.771010407176
total weights = 108928
little weights = 6662
zero weights = 77
testing...
0.916
```
é¢„æµ‹ç»“æœï¼š
![Figure_6](https://user-images.githubusercontent.com/12928690/91541150-781b5700-e94e-11ea-978d-58f487c89e04.png)
",line rand triangle rand time used total total little zero testing time used total total little zero testing,issue,negative,negative,neutral,neutral,negative,negative
682395316,"ã€18.1å®ç°é¢œè‰²åˆ†ç±»ã€‘
æ€è€ƒä¸ç»ƒä¹ ï¼š
>1. ä»å½©è‰²å›¾è½¬æ¢æˆç°åº¦å›¾ä¼šæŸå¤±ä¸€äº›ä¿¡æ¯ï¼Œæœ‰å¯èƒ½ä¼šå¯¼è‡´DNNå‡†ç¡®åº¦ä¸é«˜ã€‚è¯·å°è¯•ç”¨2352(=784x3)çš„çŸ¢é‡åšä¸ºæ ·æœ¬ç‰¹å¾å€¼ï¼Œé€å…¥DNNè¿›è¡Œè®­ç»ƒã€‚

ä»ä¸¤æ¬¡è®­ç»ƒç»“æœçœ‹ï¼Œå½©è‰²å›¾ä¸è½¬æˆç°åº¦å›¾çš„æƒ…å†µä¸‹ï¼ŒDNNèƒ½è¾¾åˆ°ä¸CNNç›¸è¿‘çš„å‡†ç¡®åº¦
![Figure_1](https://user-images.githubusercontent.com/12928690/91538001-bbbf9200-e949-11ea-8303-eebcbdb47ca7.png)

```
time used: 77.91002702713013
save parameters
total weights abs sum= 31480.69713769505
total weights = 309632
little weights = 19540
zero weights = 195
testing...
0.964
```

![Figure_2](https://user-images.githubusercontent.com/12928690/91538028-c0844600-e949-11ea-8e0e-20e271c710f8.png)
```
time used: 82.7319061756134
total weights abs sum= 31477.793191639706
total weights = 309632
little weights = 19601
zero weights = 220
testing...
0.961

```
**é¢„æµ‹ç»“æœ**
![Figure_3](https://user-images.githubusercontent.com/12928690/91538259-25d83700-e94a-11ea-9a06-55e563c8194e.png)
",time used save total total little zero testing time used total total little zero testing,issue,negative,negative,neutral,neutral,negative,negative
663496445,"cd /home/linuxidc/www.linuxidc.com/

wget -c https://kernel.ubuntu.com/~kernel-ppa/mainline/daily/2020-03-30/linux-headers-5.6.0-999_5.6.0-999.202003292202_all.deb

wget -c https://kernel.ubuntu.com/~kernel-ppa/mainline/daily/2020-03-30/linux-headers-5.6.0-999-generic_5.6.0-999.202003292202_amd64.deb

wget -c https://kernel.ubuntu.com/~kernel-ppa/mainline/daily/2020-03-30/linux-image-unsigned-5.6.0-999-generic_5.6.0-999.202003292202_amd64.deb

wget -c https://kernel.ubuntu.com/~kernel-ppa/mainline/daily/2020-03-30/linux-modules-5.6.0-999-generic_5.6.0-999.202003292202_amd64.deb

linuxidc@linuxidc:~/www.linuxidc.com$&nbsp;sudo dpkg -i *.deb





------------------&nbsp;åŸå§‹é‚®ä»¶&nbsp;------------------
å‘ä»¶äºº:                                                                                                                        ""microsoft/ai-edu""                                                                                    <notifications@github.com&gt;;
å‘é€æ—¶é—´:&nbsp;2020å¹´7æœˆ23æ—¥(æ˜ŸæœŸå››) ä¸‹åˆ4:16
æ”¶ä»¶äºº:&nbsp;""microsoft/ai-edu""<ai-edu@noreply.github.com&gt;;
æŠ„é€:&nbsp;""Subscribed""<subscribed@noreply.github.com&gt;;
ä¸»é¢˜:&nbsp;[microsoft/ai-edu] Update NeuralNet_2_0.py (#521)




Fixed batch_a not returned in the forward function.
 
 
You can view, comment on, or merge this pull request online at:
 
&nbsp; https://github.com/microsoft/ai-edu/pull/521
 
Commit Summary
    
Update NeuralNet_2_0.py
  
File Changes
    
     M     A-åŸºç¡€æ•™ç¨‹/A2-ç¥ç»ç½‘ç»œåŸºæœ¬åŸç†ç®€æ˜æ•™ç¨‹/SourceCode/ch09-NonLinearRegression/HelperClass2/NeuralNet_2_0.py     (3)   
  
Patch Links:
    
https://github.com/microsoft/ai-edu/pull/521.patch
   
https://github.com/microsoft/ai-edu/pull/521.diff
  
â€”
You are receiving this because you are subscribed to this thread.
Reply to this email directly, view it on GitHub, or unsubscribe.",update fixed returned forward function view comment merge pull request commit summary update file patch link thread reply directly view,issue,negative,positive,neutral,neutral,positive,positive
645735662,"> æ„Ÿè°¢è€å¸ˆæä¾›çš„æƒå€¼åˆå§‹åŒ–æ€è·¯ï¼Œåº”ç”¨äºLunarLanderï¼ŒæˆåŠŸè§£å†³æœˆçƒå°è½¦è‡ªç”±è½ä½“çš„é—®é¢˜ï¼ä»–ç°åœ¨ç»ˆäºæ­£å¸¸äº†ï¼

glad to know that! maybe you can write a case study course (æ¡ˆä¾‹ã€æ•™ç¨‹) :)",glad know maybe write case study course,issue,negative,positive,positive,positive,positive,positive
632452394,"å¯¹äºçº¿æ€§äºŒåˆ†ç±»å®ç°é€»è¾‘ä¸æˆ–éé—¨
é—®ï¼šä¸ºä»€ä¹ˆè¾¾åˆ°ç›¸åŒçš„ç²¾åº¦ï¼Œé€»è¾‘ORå’ŒNORåªç”¨2000æ¬¡å·¦å³çš„epochï¼Œè€Œé€»è¾‘ANDå’ŒNANDå´éœ€è¦4000æ¬¡ä»¥ä¸Šï¼Ÿ
ç­”ï¼šå› ä¸ºé€»è¾‘ORå’ŒNORçš„æ•°æ®ä½¿å¾—åˆ†ç±»çº¿åœ¨å³ä¸Šè§’å°±å¯ä»¥è¾¾åˆ°å¾ˆå¥½çš„æ•ˆæœï¼Œè€Œé€»è¾‘ANDå’ŒNANDåœ¨è¾“å…¥[0,0]æ—¶ä¸æ»¡è¶³è¦æ±‚ï¼Œè¾“å…¥[0,1]å’Œ[1,0]æ—¶ä¸æ»¡è¶³è¦æ±‚ï¼Œæ‰€ä»¥éœ€è¦ç»§ç»­è¿­ä»£ï¼Œä½¿å¾—é€»è¾‘ANDä¸NANDçš„è®­ç»ƒæ¬¡æ•°æ›´å¤šã€‚
å¦‚æœæˆ‘ä»¬å°†è¾“å…¥æ•°æ®ä¿®æ”¹ä¸€ä¸‹ï¼Œä¿®æ”¹ä¸º

`X = np.array([1, 1, 1, 0, 0, 1, 0, 0]).reshape(4, 2)`

é‚£ä¹ˆé€»è¾‘ORå’ŒNORå°±éœ€è¦æ›´å¤šçš„è¿­ä»£æ¬¡æ•°

`reader = LogicDataReader()
reader.Read_Logic_AND_Data()
train(reader, ""Logic AND operator"")

reader = LogicDataReader()
reader.Read_Logic_OR_Data()
train(reader, ""Logic OR operator"")`

è¾“å‡ºçš„ç»“æœåˆ†åˆ«ä¸ºï¼š

`AND
2266 3 0.0019996388444300725
W= [[-11.74577473]
 [-11.7458918 ]]
B= [[5.41370439]]
OR
4252 3 0.0019999280800343643
W= [[-11.76499604]
 [-11.76497315]]
B= [[17.81587457]]`",reader train reader logic operator reader train reader logic operator,issue,negative,neutral,neutral,neutral,neutral,neutral
613838306,"Thank you for your feedback, help us to fix the bug. You can pull the correct file now.
BTW, we have adjusted the resource structure several weeks ago, now it is in ""E-è¯¾ç¨‹é›†é”¦"" instead of ""A-æ•™å­¦è¯¾ç¨‹"".",thank feedback help u fix bug pull correct file resource structure several ago instead,issue,positive,neutral,neutral,neutral,neutral,neutral
603714180,"Dependabot tried to update this pull request, but something went wrong. We're looking into it, but in the meantime you can retry the update by commenting `@dependabot rebase`.",tried update pull request something went wrong looking retry update rebase,issue,negative,negative,negative,negative,negative,negative
588075508,"[å…¬å¼æ¨å¯¼.pdf](https://github.com/microsoft/ai-edu/files/4223620/default.pdf)
é™„ä»¶å†…å®¹åŒä¸‹ï¼š

### æ„Ÿè°¢æ‚¨çš„å›å¤

#### å¯¹äºæ‚¨çš„å›å¤ æˆ‘çš„ä¸€äº›æœ´ç´ çš„æ€è€ƒ

- ä¸ºä»€ä¹ˆæ˜¯$z = \gamma n + \beta$ çš„å½¢å¼ï¼Œå¦‚æœä½¿ç”¨ä¸€ä¸ªå…¨è¿æ¥å±‚å‘¢ï¼Ÿ åœ¨æ”¶åˆ°æ‚¨çš„é‚®ä»¶åæˆ‘äº§ç”Ÿäº†è¿™æ ·çš„ç–‘æƒ‘ã€‚åœ¨å­¦ä¹ äº†æ–¯å¦ç¦çš„ä¸€ä¸ªè¯¾ç¨‹CS231nâ€œæ‰¹é‡å½’ä¸€åŒ–â€ä¹‹åï¼Œå…¶ä¸­ä¸€ä¸ªè¯´æ³•ç»™äº†æˆ‘å¾ˆå¤§çš„å¯å‘: $\gamma ,\beta $ çš„æé™æƒ…å†µæ˜¯ $ \gamma = \sqrt{\sigma_B^2 + \epsilon }ï¼Œ \beta = \mu_B $ ï¼Œç„¶è€Œåœ¨ $\gamma $åœ¨ ç­‰äº 1 å’Œ ç­‰äº$\sqrt{\sigma_B^2 + \epsilon} $ä¹‹é—´å­¦ä¹ ï¼Œå°±èµ‹äºˆäº†ç½‘ç»œå¾ˆå¤§çš„çµæ´»æ€§ï¼Œæœ€ç»ˆè®­ç»ƒä¸ºä¸€ä¸ªå¯¹æ‰€æœ‰batchéƒ½åˆé€‚çš„$\gamma$ã€‚ï¼ˆæˆ‘ä¹‹å‰é”™è¯¯ç†è§£ä¸ºæ¯ä¸ªç»´åº¦å…¨éƒ¨ç§»åŠ¨åˆ°0å¤„ï¼Œè¿™çœ‹èµ·æ¥ä»¿ä½›å¿…ç„¶ä¸§å¤±æ‰æ•°æ®çš„ä¿¡æ¯ï¼Œæ€ä¹ˆè¿˜ä¼šåŠ å¿«ç½‘ç»œçš„æ”¶æ•›å‘¢ï¼‰
- ä½†è¿™æ ·æˆ–è®¸è¿™å°±å’Œæ­£æ€åˆ†å¸ƒåŒ–ï¼Œæ²¡æœ‰å¾ˆå¤§çš„å…³è”ã€‚ï¼ˆï¼Ÿï¼‰å› ä¸ºæˆ‘è®¤ä¸ºä¸€ä¸ªbatchåªæœ‰32æˆ–è€…64ä¸ªæ ·æœ¬çš„å½’ä¸€åŒ–ï¼Œåªæœ‰å½’ä¸€åŒ–åˆ°åˆé€‚åŒºé—´çš„æ•ˆæœï¼Œè¾¾ä¸åˆ°é«˜æ–¯åˆ†å¸ƒçš„å¤§é‡æ ·æœ¬çš„è¦æ±‚ã€‚ä¸çŸ¥é“æˆ‘çš„ç°åœ¨çš„ç†è§£æ˜¯å¦æ­£ç¡®ã€‚

#### ç¬¬äºŒä¸ªé—®é¢˜

- æ¥ä¸Šæ–‡ï¼Œè¿™å°±ç»™æˆ‘å¸¦æ¥çš„ç¬¬äºŒä¸ªç–‘é—®ï¼Œè¾“å…¥çš„æ•°æ®æ˜¯ä»€ä¹ˆåˆ†å¸ƒã€‚æˆ‘è®¤ä¸ºå¯¹äºç»™æ•°å­—çš„ååˆ†ç±»ï¼Œæ•°æ®å¯ä»¥æ ¹æ®æ ‡ç­¾åˆ†æˆ10ä»½ï¼Œæ¯ä¸€ä»½çš„å…¨éƒ¨æ•°æ®æˆé«˜æ–¯åˆ†å¸ƒï¼Œè€Œä¸åŒä»½çš„æ•°æ®ä¹‹é—´åº”è¯¥æ²¡æœ‰å…³ç³»ã€‚æˆ‘ä¸ç†è§£ä¸ºä½•ä¸€å¼€å§‹çš„æ—¶å€™ï¼Œå¯ä»¥å¯¹æ‰€æœ‰æ•°æ®ä¸€èµ·è¿›è¡Œå½’ä¸€åŒ–å¤„ç†ï¼Ÿ

#### åœ¨æ¨å¯¼å…¬å¼çš„æ—¶å€™é‡åˆ°ä¸€äº›é—®é¢˜ï¼Œè¿˜çƒ¦è¯·æ‚¨çœ‹ä¸€ä¸‹

##### BNå±‚ï¼Œå‡è®¾Xåªæœ‰ä¸€ä¸ªç‰¹å¾

$$è¾“å…¥\left[ \begin{matrix} 
x_1\\ x_2 \\x_3  \end{matrix} \right] \rightarrow 
å½’ä¸€\left[ \begin{matrix} 
n_1\\ n_2 \\n_3  \end{matrix} \right] \rightarrow
ä¼¸ç¼© (\gamma ) +ç§»åŠ¨(\beta)å„ä¸ªç‰¹å¾ç»´åº¦\left[ \begin{matrix} 
z_1\\ z_2 \\z_3  \end{matrix} \right]\leftarrow
ä¸‹ä¸€å±‚çš„å›ä¼ \left[ \begin{matrix} 
\delta_1\\ \delta_2 \\\delta_3  \end{matrix} \right] 
$$

##### å¯¹äºå‰ä¼ è¯¯å·®å…¬å¼13ï¼Œ**æˆ‘è¿›è¡Œäº†å¦‚ä¸‹çš„æ¨å¯¼** (ç¬¦å·å®šä¹‰æ²¿ç”¨æ•™ç¨‹) 

$$
n_i = f_n(x_i,\mu_B,\sigma_B^2) =  {x_i-\mu_B \over \sqrt{\sigma^2_B + \epsilon}} \tag{8}
$$

$$
\mu_B =   {1 \over m}\sum_1^m x_i \tag{6}
$$

$$
\sigma^2_B = f_\sigma(x_1,...,x_m, \mu_B) = {1 \over m} \sum_1^m (x_i-\mu_B)^2 \tag{7}
$$

$$
\begin{aligned}
{\partial J \over \partial x_k} 
&= \sum_{i=1}^m {\partial J \over \partial z_i}{\partial z_i \over \partial x_k} 
\\
&= \sum_{i=1}^m \delta_i \cdot {\partial z_i \over \partial x_k}
\\
&= \sum_{i=1}^m \delta_i \cdot {d z_i \over d n_i}{\partial n_i \over \partial x_k} 
\\
&= \sum_{i=1}^m \delta_i \cdot \gamma \cdot {\partial n_i \over \partial x_k} 
\\
&= \gamma Â· \sum_{i=1}^m \delta_i \cdot ({\partial f_n\over \partial x_k} + {\partial f_n \over \partial  \sigma^2_B}{\partial  \sigma^2_B \over \partial x_k} + {\partial f_n \over \partial  \mu_B}{\partial  \mu_B \over \partial x_k} )
\\
&= \gamma Â· \sum_{i=1}^m \delta_i \cdot ({\partial f_n \over \partial x_k} 
+{\partial f_n \over \partial  \sigma^2_B }{\partial \sigma^2_B \over \partial x_k} 
+{\partial f_n \over \partial  \mu_B}{\partial  \mu_B \over \partial x_k} )
\\
&= \gamma Â· \sum_{i=1}^m \delta_i \cdot \{ {\partial f_n \over \partial x_k} 
+{\partial f_n \over \partial \sigma^2_B }[{\partial f_{\sigma} \over \partial x_k}+{\partial f_{\sigma} \over \partial \mu_B}{\partial \mu_B \over \partial x_k} ]
+{\partial f_n \over \partial  \mu_B}{\partial  \mu_B \over \partial x_k} \}
\\
&= \gamma Â· \sum_{i=1}^m \delta_i \{ {\partial f_n \over \partial x_k} 
\\
&+( x_k-\mu_B)  (-{1 \over 2}(\sigma^2_B + \epsilon)^{-3/2})[{2(x_k - \mu_B) \over m} -{2 \over m} \sum _{i=1}^m(x_i-\mu_B)\cdot {1 \over m}]
\\
&+{-1 \over \sqrt{\sigma^2_B + \epsilon}}\cdot{1 \over m} \} 
\\
&å…¶ä¸­ i = k æ—¶ï¼š{\partial f_n \over \partial x_k} ={1 \over \sqrt{\sigma^2_B + \epsilon}} \qquad i!=kæ—¶ï¼š{\partial f_n \over \partial x_k} = 0
\end{aligned} \tag{13'} 
$$

ä»£å…¥X = $[x_1,x_2,x_3]$,m = 3

$$
\begin{aligned}
{dJ \over dx_1} 
&= \gamma Â· \sum_{i=1}^m \delta_i \{ {\partial f_n \over \partial x_1} 
+( x_k-\mu_B)  (-{1 \over 2}(\sigma^2_B + \epsilon)^{-3/2})[{2(x_1 - \mu_B) \over m} -{2 \over m} \sum _{i=1}^m(x_i-\mu_B)\cdot {1 \over m}]
+{-1 \over \sqrt{\sigma^2_B + \epsilon}}\cdot{1 \over m} \} 
\\
&= \gamma Â·  \sum_{i=1}^m \delta_i \{ {\partial f_n \over \partial x_1} 
+( x_1-\mu_B)  (-{1 \over 2}(\sigma^2_B + \epsilon)^{-3/2}){2(x_1 - \mu_B) \over m} 
+{-1 \over m\sqrt{\sigma^2_B + \epsilon}} \} 
\\
&= \gamma Â· \{{ \delta_1  \over \sqrt{\sigma^2_B + \epsilon} } +(\delta_1 + \delta_2 + \delta_3)[
( x_1-\mu_B)^2  (-(\sigma^2_B + \epsilon)^{-3/2}){1\over m} 
+{-1 \over m\sqrt{\sigma^2_B + \epsilon}} ]\} 
\\
&= \gamma  \{ {\delta_1 \over \sqrt{\sigma^2_B + \epsilon}} -  { (x_1 - \mu_B)^2 + \sigma_B^2 +\epsilon  \over m\sqrt{\sigma^2_B + \epsilon}} (\delta_1 + \delta_2 + \delta_3)\}
\\
&å…¶ä¸­ {\partial f_n \over \partial x_1} ={1 \over \sqrt{\sigma^2_B + \epsilon}} ,\quad {\partial f_n \over \partial x_2} =  {\partial f_n \over \partial x_3} = 0
\end{aligned} 
$$

##### æ•™ç¨‹ä¸­å¼(13)ä»£å…¥X = $[x_1,x_2,x_3]$,m = 3

**ï¼ˆå¦å¤–å¼å­ä¸­$\delta \cdot \gamma $åº”è¯¥æ˜¯çŸ©é˜µï¼Ÿå®ƒæ˜¯å¦‚ä½•å‚ä¸è¿ç®—çš„?ï¼‰**
$$
\begin{aligned}
{dJ \over dx_1} 
&= {\delta \cdot \gamma \over \sqrt{\sigma^2_B + \epsilon}} + {dJ \over d\sigma^2_B} \cdot {2(x_1 - \mu_B) \over m} + {dJ \over d\mu_B} \cdot {1 \over m}
\\
&= {\delta \cdot \gamma \over \sqrt{\sigma^2_B + \epsilon}} + {dJ \over d\sigma^2_B} \cdot {2(x_1 - \mu_B) \over m} +( {dJ \over d n_i}{d n_i \over d \mu_B} + {dJ \over  d\sigma^2_B}{d \sigma^2_B \over d \mu_B})\cdot {1 \over m}
\\
&= {\delta \cdot \gamma \over \sqrt{\sigma^2_B + \epsilon}} + {dJ \over d\sigma^2_B} \cdot {2(x_1 - \mu_B) \over m} +( {dJ \over d n_i}{d n_i \over d \mu_B} + {dJ \over  d\sigma^2_B}{d \sigma^2_B \over d \mu_B})\cdot {1 \over m}
\\
&= {\delta \cdot \gamma \over \sqrt{\sigma^2_B + \epsilon}} + {dJ \over d\sigma^2_B} \cdot {2(x_1 - \mu_B) \over m} + {dJ \over d n_i}{d n_i \over d \mu_B} \cdot {1 \over m}
\\
&= {\delta \cdot \gamma \over \sqrt{\sigma^2_B + \epsilon}} 
\\
&+ (-{1 \over 2}(\sigma^2_B + \epsilon)^{-3/2}\sum_{i=1}^m {dJ \over d n_i}  (x_i-\mu_B) )\cdot{2(x_1-\mu_B) \over m}
\\
&+ (-{\delta \cdot \gamma \over \sqrt{\sigma^2_B + \epsilon}}) \cdot {1 \over m}
\\
&= (1- {1 \over m}){\delta \cdot \gamma \over \sqrt{\sigma^2_B + \epsilon}}+ (-{1 \over 2}(\sigma^2_B + \epsilon)^{-3/2}\sum_{i=1}^m {dJ \over d n_i}  (x_i-\mu_B) )\cdot{2(x_1-\mu_B) \over m}
\\
&= (1- {1 \over m}){\delta \cdot \gamma \over \sqrt{\sigma^2_B + \epsilon}}-(\sigma^2_B + \epsilon)^{-3/2} {(x_1-\mu_B) \over m} \{ (\delta_1 x_1 +\delta_2 x_2 + \delta_3 x_3)-(\delta_1 + \delta_2 + \delta_3)\mu_B)\}
\end{aligned}
$$

#### å†æ¬¡æ„Ÿè°¢ï¼ï¼
",matrix matrix matrix matrix matrix matrix matrix matrix,issue,negative,neutral,neutral,neutral,neutral,neutral
587069535,"

**æ„Ÿè°¢å¾®è½¯å›¢é˜Ÿå®Œæˆçš„è¿™é—¨ç®€è€Œæ˜çš„æ•™ç¨‹ï¼ï¼è®²è§£è¨€è¯­ç®€å•ï¼Œå´æ˜¯éƒ½æ˜¯åˆ‡ä¸­è‚¯ç¶®çš„å…³é”®ï¼Œå¯¹å­¦ç”Ÿæˆ‘çš„å­¦ä¹ æœ‰è«å¤§çš„å¸®åŠ©ã€‚**

æˆ‘åœ¨å­¦ä¹ 15ç« <æ‰¹é‡å½’ä¸€åŒ–çš„å®ç°>ä¸€èŠ‚ä¸­é‡åˆ°å›°æ‰°å¤šæ—¥çš„é—®é¢˜ï¼Œè™½ç„¶æ˜¯å°é—®é¢˜ï¼Œè¿˜æ˜¯è¯šæ³åœ°å¸Œæœ›èƒ½å¾—åˆ°æ‚¨ç»™äºˆçš„ä¸€äº›å¸®åŠ©ï¼Œåœ¨æ­¤ä¸èƒœæ„Ÿæ¿€ã€‚
- é¦–å…ˆï¼Œå¯¹äºæ‰¹é‡åŒ–å½’ä¸€ï¼Œæ˜¯ mä¸ªæ ·æœ¬çš„ç¬¬iä¸ªç‰¹å¾çš„çºµå‘çš„å½’ä¸€åŒ–ï¼Œä¸è¾“å…¥å±‚çš„å½’ä¸€åŒ–ä¸åŒã€‚ä½†æ˜¯æ¯”å¦‚ä¸€ä¸ªäºŒåˆ†ç±» æœ¬æ¥å¥½ä¸å®¹æ˜“éƒ½æŠŠæ ·æœ¬åˆ†åˆ° 0 1 ä¸¤è¾¹ï¼Œå†æ¬¡æŠŠå®ƒä»¬é›†ä¸­åˆ°æ­£æ€åˆ†å¸ƒçš„ä¸­å¿ƒï¼Ÿè¯·é—®å¦‚ä½•ç†è§£æ‰¹é‡å½’ä¸€åŒ–
- å…¶äºŒï¼Œå¯¹äºå‰ä¼ è¯¯å·®å…¬å¼13ï¼Œæˆ‘è¿›è¡Œäº†å¦‚ä¸‹çš„æ¨å¯¼ï¼š(ç¬¦å·å®šä¹‰æ²¿ç”¨æ•™ç¨‹) ï¼ˆæœ¬äººä½¿ç”¨vsCodeä¸­çš„markdow preview enhancedæ’ä»¶å®Œæˆä¸‹é¢å…¬å¼çš„å‘ˆç°ï¼‰
- BNå±‚,å‡è®¾æ ·æœ¬åªæœ‰ä¸€ä¸ªç‰¹å¾
$$è¾“å…¥\left[ \begin{matrix} 
x_1\\ x_2 \\x_3  \end{matrix} \right] \rightarrow 
å½’ä¸€\left[ \begin{matrix} 
n_1\\ n_2 \\n_3  \end{matrix} \right] \rightarrow
ä¼¸ç¼©\left[ \begin{matrix} 
z_1\\ z_2 \\z_3  \end{matrix} \right]\leftarrow
ä¸‹ä¸€å±‚çš„å›ä¼ \left[ \begin{matrix} 
\delta_1\\ \delta_2 \\\delta_3  \end{matrix} \right] 
$$

$$
n_i = f_n(x_i,\mu_B,\sigma_B^2) =  {x_i-\mu_B \over \sqrt{\sigma^2_B + \epsilon}} \tag{8}
$$
$$
\mu_B =   {1 \over m}\sum_1^m x_i \tag{6}
$$
$$
\sigma^2_B = f_\sigma(x_1,...,x_m, \mu_B) = {1 \over m} \sum_1^m (x_i-\mu_B)^2 \tag{7}
$$
$$
\begin{aligned}
{\partial J \over \partial x_k} 
&= \sum_{i=1}^m {\partial J \over \partial z_i}{\partial z_i \over \partial x_k} 
\\
&= \sum_{i=1}^m \delta_i \cdot {\partial z_i \over \partial x_k}
\\
&= \sum_{i=1}^m \delta_i \cdot {d z_i \over d n_i}{\partial n_i \over \partial x_k} 
\\
&= \sum_{i=1}^m \delta_i \cdot \gamma \cdot {\partial n_i \over \partial x_k} 
\\
&= \gamma Â· \sum_{i=1}^m \delta_i \cdot ({\partial f_n\over \partial x_k} + {\partial f_n \over \partial  \sigma^2_B}{\partial  \sigma^2_B \over \partial x_k} + {\partial f_n \over \partial  \mu_B}{\partial  \mu_B \over \partial x_k} )
\\
&= \gamma Â· \sum_{i=1}^m \delta_i \cdot ({\partial f_n \over \partial x_k} 
+{\partial f_n \over \partial  \sigma^2_B }{\partial \sigma^2_B \over \partial x_k} 
+{\partial f_n \over \partial  \mu_B}{\partial  \mu_B \over \partial x_k} )
\\
&= \gamma Â· \sum_{i=1}^m \delta_i \cdot \{ {\partial f_n \over \partial x_k} 
+{\partial f_n \over \partial \sigma^2_B }({\partial f_{\sigma} \over \partial x_k}+{\partial f_{\sigma} \over \partial \mu_B}{\partial \mu_B \over \partial x_k} )
+{\partial f_n \over \partial  \mu_B}{\partial  \mu_B \over \partial x_k} ) \}
\\
&= \gamma Â· \sum_{i=1}^m \delta_i \{ {\partial f_n \over \partial x_k} 
\\
&+( x_k-\mu_B)  (-{1 \over 2}(\sigma^2_B + \epsilon)^{-3/2})({2(x_k - \mu_B) \over m} + (-{2 \over m} \sum _{i=1}^m(x_i-\mu_B))\cdot {1 \over m})
\\
&+{-1 \over \sqrt{\sigma^2_B + \epsilon}}\cdot{1 \over m} \} 
\\
&å…¶ä¸­ i = k æ—¶ï¼š{\partial f_n \over \partial x_k} ={1 \over \sqrt{\sigma^2_B + \epsilon}} \qquad i!=kæ—¶ï¼š{\partial f_n \over \partial x_k} = 0
\end{aligned} \tag{13} 
$$

[^_^]:
	æ‰‹åŠ¨è¾“å…¥æ•°å­¦å…¬å¼å®åœ¨å›°éš¾ï¼Œä¸çŸ¥é“å¤§ä½¬æœ‰ä»€ä¹ˆå·¥å…·æ¨èï¼Ÿ
- å¯¹äºå…¬å¼åŒ–ç®€ä¹‹åï¼Œæ˜æ˜¾ä¸ä¸€è‡´ã€‚å¦‚å›¾æ‰€ç¤º
![ea22f9085ada8009223a604b8acfe62](https://user-images.githubusercontent.com/52621166/74710920-ab718080-525d-11ea-8e89-6a8ad990fb01.jpg)

å†æ¬¡æ„Ÿè°¢ï¼",preview matrix matrix matrix matrix matrix matrix matrix matrix,issue,negative,neutral,neutral,neutral,neutral,neutral
575988943,"æ¸¸æˆæœ€å¤§çš„é—®é¢˜åœ¨äºï¼Œå¹³æ—¶çš„è®­ç»ƒæ•°æ®åœ¨èµ›åœºä¸Šï¼Œç”±äº bot æ•°ä¸åŒï¼Œbot ç­–ç•¥ä¸åŒï¼Œåè€Œå¯èƒ½å¹²æ‰°ï¼Œä½¿ç¨‹åºé€‰æ‹©é”™è¯¯çš„ç­–ç•¥ï¼Œæ‰€ä»¥å…¶å®ä¹‹å‰è®­ç»ƒæˆ¿é—´çš„æ•°æ®ä»…å…·æœ‰ä¸€å®šçš„å‚è€ƒä»·å€¼ã€‚åœ¨ç­–ç•¥çš„é€‰å–ä¸Šï¼Œæˆ‘ä»¬å¯¹ç¤ºä¾‹ç¨‹åºçš„æ¯ä¸€ä¸ªç­–ç•¥è¿›è¡Œäº†ä¿®æ”¹ï¼Œå°†åŸæœ¬çš„ç­–ç•¥è¿›è¡Œç»„åˆï¼Œè¿”å›ä¸¤ä¸ªä¸åŒçš„æ•°å­—ã€‚åŒæ—¶å¤šè½®æµ‹è¯•åå‘ç°å¾€å¾€é»„é‡‘ç‚¹çš„æ•°ä¼šæ¯”è®¡ç®—å‡ºçš„æ•°åå°ï¼Œæ‰€ä»¥åˆåœ¨è¯¥æ•°çš„åŸºç¡€ä¸Šå‡å° 0.01ï¼Œä½¿å…¶ï¼ˆæ¯”å…¶ä»– bot æ›´è´´è¿‘é»„é‡‘ç‚¹ï¼‰ã€‚

ä½†æ˜¯ç›®å‰å­˜åœ¨çš„é—®é¢˜æ˜¯ï¼Œå¯¹äºæ…å±€è€…ï¼Œä¸çŸ¥é“ä»€ä¹ˆæ—¶å€™ä¼šå‡ºç°æ…å±€ï¼Œæ‰€ä»¥åœ¨æ¸¸æˆåŒæ—¶ä¹Ÿæ˜¯è®­ç»ƒè¿‡ç¨‹ä¸­ï¼Œåœ¨ç›¸åŒçš„æƒ…å†µä¸‹ï¼Œä¼šå‡ºç°ä¹‹å‰æ­£åé¦ˆå­¦ä¹ åˆ°çš„ç­–ç•¥å› ä¸ºæ…å±€çš„å­˜åœ¨æ‰“äº†è´Ÿåˆ†ï¼Œæ‰“ä¹±äº†Qè¡¨ã€‚å¯¹äºè¿™ç§æƒ…å†µï¼Œå¯èƒ½éœ€è¦å¼•è¿›åˆ¤æ–­æ˜¯å¦æ˜¯æç«¯æƒ…å†µï¼Œä¸éœ€è¦å­¦ä¹ åˆ°Qè¡¨çš„éƒ¨åˆ†ï¼Œä½†æ˜¯è¿™ä¸ªåˆ¤æ–­ä¹Ÿæ˜¯ä¸€ä¸ªéš¾ç‚¹ã€‚

```
def action1(gArray):
    number = 28
    if len(gArray) != 0:
        number = gArray[-1]
    return number - 0.01, number * 0.618 - 0.01

def action2(gArray):
    number = 28
    if len(gArray) > 1:
        number = np.average(gArray[-2:])
    return number - 0.01, number * 0.618 - 0.01

def action3(gArray):
    number = 28
    if len(gArray) != 0:
        number = np.average(gArray[-5:])
    return number - 0.01, number * 0.618 - 0.01

def action4(gArray):
    number = 28
    if len(gArray) != 0:
        number = np.average(gArray[-10:])
    return number - 0.01, number * 0.618 - 0.01

def action5(gArray):
    number = 28
    if len(gArray) != 0:
        number = np.average(gArray[-15:])
    return number - 0.01, number * 0.618 - 0.01

def action6(gArray):
    number = 28
    if len(gArray) != 0:
        number = np.average(gArray[-20:])
    return number - 0.01, number * 0.618 - 0.01

def action7(gArray):
    if len(gArray) == 0:
        return 28, 28
    if len(gArray) == 1:
        return gArray[0], gArray[0]
    number = gArray[-1] / gArray[-2] * gArray[-1]
    if number <= 0:
        number = 0.001
    if number >= 100:
        number = 100*0.618
    return number - 0.01, number * 0.618 - 0.01

def action8(gArray):
    if len(gArray) == 0:
        return 28, 28
    number1=50
    number2=50/30*0.618+np.average(gArray[-5:])
    return number1 - 0.01, number2
```",bot bot action number number return number number action number number return number number action number number return number number action number number return number number action number number return number number action number number return number number action return return number number number number number return number number action return return number number,issue,positive,positive,neutral,neutral,positive,positive
575894123,"### è‹å·å¤§å­¦é»„é‡‘ç‚¹åˆ†äº«ã€‚

#### å…¨å‘˜æŒ‚æœºå»è€ƒè¯•

å†™åœ¨å‰é¢ï¼šæœ¬æ¥å†™äº†ä¸ªè¶…çº§ç®€å•çš„äºŒå±‚ç¥ç»ç½‘ç»œç„¶åæŒ‚æœºè€ƒè¯•å»ï¼Œç»“æœ

æ¡ä»¶åˆ¤æ–­ä¸€ç›´æ²¡è¿›å¾—å»ï¼Œå°±åœç•™åœ¨äº†è¿™ä¸€æ®µä»£ç ä¸Šï¼š

```python
 pj = sum(goldenNumberList[-10:])/10
    bzc = math.sqrt(sum([(i-pj)**2 for i in goldenNumberList[-10:]])/10)
    res2 = pj
    res1 = pj - bzc
    if res1 < 0:
        res1 = goldenNumberList[-1]*0.618
    return res1, res2
```

ä¹Ÿå°±æ˜¯è®¡ç®—å‰åä¸ªé»„é‡‘ç‚¹çš„å¹³å‡æ•°ä»¥åŠæ–¹å·®ï¼Œç„¶åè¿”å›å¹³å‡æ•°ä»¥åŠå¹³å‡æ•°å‡æ ‡å‡†å·®ã€‚ç»“æœé˜´å·®é˜³é”™ï¼Œè¿™ä¸ªç®—æ³•å±…ç„¶è·‘äº†ç¬¬äºŒåï¼Œ23333ã€‚

```python
class Net(nn.Module):
    def __init__(self):
        super (Net, self).__init__()
        self.step1 = nn.Sequential(
            nn.Linear(10, 100),
            nn.ReLU(),
            nn.Linear(100, 1),
            nn.ReLU()
        )
            
    def forward(self, x):
        x = self.step1(x)
        return x
```

è¿™æ˜¯åŸæœ¬pytorchå†™çš„äºŒå±‚æ„ŸçŸ¥æœºï¼Œç›¸ä¿¡åªè¦æ¥è§¦è¿‡ä¸€ç‚¹ç‚¹ç¥ç»ç½‘ç»œçš„åŒå­¦éƒ½å¯ä»¥å†™å‡ºæ¥ï¼ˆä¹Ÿéƒ½èƒ½çœ‹å‡ºæ¥è¿™ç©æ„çš„æ•ˆæœæ¥è¿‘äºççŒœï¼‰ã€‚åœ¨æ­¤ä¹Ÿä¸ç»†è®²ã€‚

æˆ‘ä»¬åŸæœ¬è€ƒè™‘çš„æ˜¯å¼ºåŒ–å­¦ä¹ ï¼Œåœ¨è¿™ç»™å‡ºå¼ºåŒ–å­¦ä¹ çš„å®šä¹‰ï¼š

å¼ºåŒ–å­¦ä¹ æ˜¯ä¸€ç§äº¤äº’å¼çš„å­¦ä¹ æ–¹æ³•ï¼Œå…¶ä¸»è¦ç‰¹ç‚¹ä¸ºâ€œè¯•é”™æœç´¢ï¼ˆTrial-and-Errorï¼‰â€å’Œâ€œå»¶è¿Ÿå›æŠ¥ï¼ˆDelay Returnï¼‰â€ã€‚å­¦ä¹ è¿‡ç¨‹æ˜¯æ™ºèƒ½ä½“ï¼ˆAgentï¼‰ä¸ç¯å¢ƒä¸æ–­äº¤äº’å¹¶ä»ç¯å¢ƒçš„åé¦ˆä¿¡æ¯ä¸­å­¦ä¹ çš„è¿‡ç¨‹ã€‚Agentä¸ç¯å¢ƒäº¤äº’çš„è¿‡ç¨‹å¦‚ä¸‹ï¼š(1)Agentæ„ŸçŸ¥å½“å‰çš„ç¯å¢ƒçŠ¶æ€ï¼ˆStatesï¼‰ã€‚

(2)æ ¹æ®å½“å‰çš„çŠ¶æ€å’Œå¥–èµå€¼ï¼ˆRewardï¼‰ï¼ˆå¼ºåŒ–ä¿¡å·ï¼‰ï¼ŒAgenté€‰æ‹©ä¸€ä¸ªåŠ¨ä½œï¼ˆActionï¼‰å¹¶æ‰§è¡Œè¯¥åŠ¨ä½œã€‚

(3)å½“Agentæ‰€é€‰æ‹©çš„åŠ¨ä½œä½œç”¨äºç¯å¢ƒæ—¶ï¼Œç¯å¢ƒè½¬ç§»åˆ°æ–°çŠ¶æ€ï¼Œå¹¶ç»™å‡ºæ–°çš„å¥–èµï¼›(4)Agentæ ¹æ®ç¯å¢ƒåé¦ˆçš„å¥–èµå€¼ï¼Œè®¡ç®—å›æŠ¥å€¼ï¼ˆReturnï¼‰ï¼Œå¹¶å°†å›æŠ¥å€¼ä½œä¸ºæ›´æ–°å†…éƒ¨ç­–ç•¥çš„ä¾æ®ã€‚

æˆ‘ä»¬çš„å¤§ä¸€æ–°ç”Ÿå†™äº†ä¸€ä¸ªç±»ä¼¼å¼ºåŒ–å­¦ä¹ çš„æ–¹æ³•ï¼š

```python
#! /usr/bin/env python
# -*- coding: utf-8 -*-
""""""
å‹‡æ°”é€šå¾€å¤©å ‚ï¼Œæ€¯æ‡¦é€šå¾€åœ°ç‹±ã€‚
å½“ä¸€ä¸ªäººç”¨å·¥ä½œå»è¿æ¥å…‰æ˜ï¼Œå…‰æ˜å¾ˆå¿«å°±ä¼šæ¥ç…§è€€ç€ä»–ã€‚
å¯¹äºä¸å±ˆä¸æŒ çš„äººæ¥è¯´ï¼Œæ²¡æœ‰å¤±è´¥è¿™å›äº‹ã€‚
""""""


# å‡½æ•°ç±»
class Function:  # å‡½æ•°ç±»
    def __init__(self, content, name, n=()):
        self.content = content
        self.name = name
        if not n:
            self.result = [content()]
        else:
            self.result = [content(i) for i in n]


def GeneratePredictionNumbers(goldenNumberList, numberCount):  # è¿”å›åŒå€¼
    """"""
    :param goldenNumberList: list[int]
    :param numberCount: int
    :return: float, float
    """"""
    import random
    import time
    dots = goldenNumberList
    if not dots:
        return 19
    upperlimit = max(dots[-10:])
    lowerlimit = min(dots[-10:])

    # å½’é›¶æ³•
    def f1():  # å½’é›¶æ³•
        return 0

    # éšæœºæ³•
    def f2():  # éšæœºæ³•
        return random.random()*(upperlimit-lowerlimit)+lowerlimit

    # æ—¶é—´æ³•
    def f3():  # æ—¶é—´æ³•
        return (int(time.time()) % 100)*(upperlimit-lowerlimit)/100+lowerlimit

    # næ¬¡æ‹Ÿåˆ (n >= 1)
    def f4(n):  # næ¬¡æ‹Ÿåˆ
        level = [dots[-1-n:]]
        for i in range(n+1, 1, -1):
            level.append([level[-1][j+1]-level[-1][j] for j in range(i-1)])
        return sum([i[-1] for i in level])

    # nç‚¹å¹³å‡ ï¼ˆn >= 2)
    def f5(n):  # nç‚¹å¹³å‡
        return sum(dots[-n:])/n

    # nç‚¹åŠ æƒå¹³å‡ (n >= 2)
    def f6(n):  # nç‚¹åŠ æƒå¹³å‡
        sum_n = n*(n+1)/2
        return sum([dots[-i]*(n+1-i)/sum_n for i in range(1, n+1)])

    # nç‚¹sinæ‹Ÿåˆ (n >= 3)
    def f7(n):  # nç‚¹sinæ‹Ÿåˆ
        n_dots = dots[-n:]
        return max(n_dots) + min(n_dots) - n_dots[0]

    # ä¹‹å‰ç¬¬nç‚¹ (n >= 1)
    def f8(n):  # ä¹‹å‰æŸç‚¹
        return dots[-n]

    # nç‚¹åŠ æƒå¹³å‡äºŒ (n >= 2)
    def f9(n):  # nç‚¹åŠ æƒå¹³å‡2
        sum_n2 = n*(n+1)*(2*n+1)/6
        return sum([dots[-i]*((n+1-i)**2)/sum_n2 for i in range(1, n+1)])

    # ä»¥ä¸Šæ·»åŠ å‡½æ•°

    # ç»“æœ1
    def result1():  # æœ€ç»ˆäº§ç”Ÿç»“æœ
        result = sum([functions[i]*weights[i] for i in range(fun_nums)])/sum(weights)
        return result if 0 < result < 100 else 0 if result < 100 else 60

    # ç»“æœ2
    def result2():  # æœ€ç»ˆäº§ç”Ÿç»“æœ
        result = (result1()+functions[weights.index(max(weights))])/2
        return result if 0 < result < 100 else 0 if result < 100 else 60

    # è°ƒæ•´æƒé‡
    def adjust():  # æ ¹æ®ç»“æœè°ƒæ•´æƒé‡
        global precious_ans  # å‰ä¸€æ¬¡ç­”æ¡ˆ
        try:
            if precious_ans:
                pass
        except:
            precious_ans = functions
            return
        flag = 0  # åˆ¤å®šæƒé‡æ˜¯å¦è¿‡å¤§
        for i in range(fun_nums):
            error = abs(precious_ans[i] - dots[-1])
            if error:
                weights[i] += min(100/error, 150)
            else:
                weights[i] += 150
            if weights[i] > 10000:
                flag = 1
        if flag:
            for i in range(fun_nums):
                weights[i] /= 10
        precious_ans = functions.copy()

    # è°ƒå‡ºç»“æœ
    def show():  # è°ƒå‡ºç»“æœ
        times = 100  # å¤šå°‘ç»„æ•°æ®è°ƒå‡ºä¸€æ¬¡ç»“æœ
        while not len(dots) % times:
            '''
            # æ‰“å°ç»“æœ
            for i in range(fun_nums):
                print('%s\t%s' % (names[i], weights[i]))
            '''
            '''
            # å°†ç»“æœå†™å…¥goldendot.txt
            with open('goldendot.txt', 'a') as f:
                f.write('\t'.join(names))
                f.write('\t'.join(list(map(str, weights))))
            '''
            pass

    prediction = 10  # é¢„æµ‹å‰å¤šå°‘ä¸ªç‚¹
    if len(dots) <= prediction+1:
        functions = [f1(), f2(), f3()]
        return sum(functions)/len(functions)  # é¢„æµ‹ç‚¹æ•°ä¸å¤Ÿæ—¶è¿”å›ç»“æœ
    else:
        functions = [f1(), f2(), f3()]+[f4(i)for i in range(1, prediction+1)] + \
                    [f5(i)for i in range(2, prediction+1)]+[f6(i)for i in range(2, prediction+1)] + \
                    [f7(i)for i in range(3, prediction+1)]+[f8(i)for i in range(1, prediction+1)] + \
                    [f9(i)for i in range(2, prediction+1)]  # å„å‡½æ•°ç»“æœï¼ˆ+[]æ·»åŠ å‡½æ•°ï¼‰
    fun_nums = len(functions)  # å‡½æ•°æ•°é‡
    names = ['å½’é›¶æ³•', 'éšæœºæ³•', 'æ—¶é—´æ³•',
             # f1-f3
             '1æ¬¡æ‹Ÿåˆ', '2æ¬¡æ‹Ÿåˆ', '3æ¬¡æ‹Ÿåˆ', '4æ¬¡æ‹Ÿåˆ', '5æ¬¡æ‹Ÿåˆ', '6æ¬¡æ‹Ÿåˆ', '7æ¬¡æ‹Ÿåˆ', '8æ¬¡æ‹Ÿåˆ', '9æ¬¡æ‹Ÿåˆ', '10æ¬¡æ‹Ÿåˆ',
             # f4 1-n
             '2ç‚¹å¹³å‡', '3ç‚¹å¹³å‡', '4ç‚¹å¹³å‡', '5ç‚¹å¹³å‡', '6ç‚¹å¹³å‡', '7ç‚¹å¹³å‡', '8ç‚¹å¹³å‡', '9ç‚¹å¹³å‡', '10ç‚¹å¹³å‡',
             # f5 2-n
             '2ç‚¹åŠ æƒå¹³å‡', '3ç‚¹åŠ æƒå¹³å‡', '4ç‚¹åŠ æƒå¹³å‡', '5ç‚¹åŠ æƒå¹³å‡', '6ç‚¹åŠ æƒå¹³å‡', '7ç‚¹åŠ æƒå¹³å‡', '8ç‚¹åŠ æƒå¹³å‡', '9ç‚¹åŠ æƒå¹³å‡', '10ç‚¹åŠ æƒå¹³å‡',
             # f6 2-n
             '3ç‚¹sinæ‹Ÿåˆ', '4ç‚¹sinæ‹Ÿåˆ', '5ç‚¹sinæ‹Ÿåˆ', '6ç‚¹sinæ‹Ÿåˆ', '7ç‚¹sinæ‹Ÿåˆ', '8ç‚¹sinæ‹Ÿåˆ', '9ç‚¹sinæ‹Ÿåˆ', '10ç‚¹sinæ‹Ÿåˆ',
             # f7 3-n
             'ä¹‹å‰ç¬¬1ç‚¹', 'ä¹‹å‰ç¬¬2ç‚¹', 'ä¹‹å‰ç¬¬3ç‚¹', 'ä¹‹å‰ç¬¬4ç‚¹', 'ä¹‹å‰ç¬¬5ç‚¹', 'ä¹‹å‰ç¬¬6ç‚¹', 'ä¹‹å‰ç¬¬7ç‚¹', 'ä¹‹å‰ç¬¬8ç‚¹', 'ä¹‹å‰ç¬¬9ç‚¹', 'ä¹‹å‰ç¬¬10ç‚¹',
             # f8 1-n
             '2ç‚¹åŠ æƒå¹³å‡äºŒ', '3ç‚¹åŠ æƒå¹³å‡äºŒ', '4ç‚¹åŠ æƒå¹³å‡äºŒ', '5ç‚¹åŠ æƒå¹³å‡äºŒ', '6ç‚¹åŠ æƒå¹³å‡äºŒ', '7ç‚¹åŠ æƒå¹³å‡äºŒ', '8ç‚¹åŠ æƒå¹³å‡äºŒ', '9ç‚¹åŠ æƒå¹³å‡äºŒ', '10ç‚¹åŠ æƒå¹³å‡äºŒ',
             # f9 2-n
             ]  # å‡½æ•°å
    '''
    def write_names():  # æ‰“å°å‡½æ•°å
        for i in range(1, 10):
            print('\'%dæ¬¡æ‹Ÿåˆ\'' % i, end=', ')
    '''
    global weights  # æƒé‡
    try:
        if weights:
            pass
    except:
        weights = [100]*fun_nums

    adjust()
    show()
    return result1(), result2()


if __name__ == '__main__':
    def write_names():  # æ‰“å°å‡½æ•°å
        for i in range(2, 11):
            print('\'%dç‚¹åŠ æƒå¹³å‡äºŒ\'' % i, end=', ')
    write_names()

```

è™½ç„¶æœ‰äº›åœ°æ–¹å¯ä»¥æ˜æ˜¾çš„çœ‹å‡ºä¸åˆç†ï¼Œä½†è¿˜æ˜¯èƒ½ä»ä¸­çœ‹åˆ°ä¸€äº›æœ´ç´ çš„å­¦ä¹ æ€æƒ³ã€‚

æˆ‘åœ¨è¯¾ä¸Šå­¦è¿‡çš„å¼ºåŒ–å­¦ä¹ æœ‰Q-learningã€Sarsaã€è’™ç‰¹å¡ç½—æ–¹æ³•ç­‰ã€‚è¿™ä¸‰ç§æ–¹æ³•éƒ½é€šè¿‡æ›´æ–°ä¸€ä¸ªçŠ¶æ€è¡¨æ¥è¿›è¡Œå­¦ä¹ ã€‚

Sarsaå’ŒQ-Learningç±»ä¼¼ï¼Œä½†æ˜¯åŒºåˆ«æ˜¯å½“Sarsa å’Œ Q-Learningå¤„åœ¨çŠ¶æ€sæ—¶ï¼Œå‡é€‰æ‹©å¯å¸¦æ¥æœ€å¤§å›æŠ¥çš„åŠ¨ä½œaï¼Œè¿™æ ·å¯åˆ°è¾¾çŠ¶æ€sâ€™ã€‚è€Œåœ¨ä¸‹ä¸€æ­¥ï¼Œå¦‚æœä½¿ç”¨Q-Learningï¼Œ åˆ™ä¼šè§‚å¯Ÿåœ¨sâ€™ä¸Šå“ªä¸ªåŠ¨ä½œä¼šå¸¦æ¥æœ€å¤§å›æŠ¥ï¼ˆä¸ä¼šçœŸæ­£æ‰§è¡Œè¯¥åŠ¨ä½œï¼Œä»…ç”¨æ¥æ›´æ–°Qè¡¨ï¼‰ï¼Œåœ¨sâ€™ä¸Šåšå†³å®šæ—¶, å†åŸºäºæ›´æ–°åçš„Qè¡¨é€‰æ‹©åŠ¨ä½œã€‚è€Œ Sarsa æ˜¯å®è·µæ´¾ï¼Œåœ¨sâ€™ è¿™ä¸€æ­¥ä¼°ç®—çš„åŠ¨ä½œä¹Ÿæ˜¯æ¥ä¸‹æ¥è¦æ‰§è¡Œçš„åŠ¨ä½œï¼Œæ‰€ä»¥ Q(s, a) çš„ç°å®å€¼ä¹Ÿä¼šç¨ç¨æ”¹åŠ¨ï¼Œå»æ‰maxQï¼Œå–è€Œä»£ä¹‹çš„æ˜¯åœ¨sâ€™ ä¸Šå®å®åœ¨åœ¨é€‰å–çš„aâ€™ çš„Qå€¼ï¼Œæœ€ååƒQ-Learningä¸€æ ·æ±‚å‡ºç°å®å’Œä¼°è®¡çš„å·®è·å¹¶æ›´æ–°Qè¡¨é‡Œçš„Q(s, a)ã€‚

å› ä¸º Sarsa æ˜¯è¯´åˆ°åšåˆ°å‹ï¼Œæ‰€ä»¥ç§°å®ƒä¸º on-policy(åœ¨çº¿å­¦ä¹ )ï¼Œå³è¾¹åšè¾¹å­¦ï¼›è€ŒQ-Learningæ˜¯è¯´åˆ°ä½†å¹¶ä¸ä¸€å®šåšåˆ°ï¼Œå…¶å¯ä»¥é€šè¿‡è§‚å¯Ÿåˆ«äººçš„ç»å†æ¥å­¦ä¹ ï¼Œæ‰€ä»¥å®ƒä¹Ÿå«ä½œ Off-policy(ç¦»çº¿å­¦ä¹ )ã€‚

å¦å¤–ï¼ŒQ-Learningå› ä¸ºæœ‰äº† maxQï¼Œæ‰€ä»¥ä¹Ÿæ˜¯ä¸€ä¸ªç‰¹åˆ«å‹‡æ•¢çš„ç®—æ³•ï¼ŒåŸå› åœ¨äºå®ƒæ°¸è¿œéƒ½ä¼šé€‰æ‹©æœ€è¿‘çš„ä¸€æ¡é€šå¾€æˆåŠŸçš„é“è·¯ï¼Œä¸ç®¡è¿™æ¡è·¯ä¼šæœ‰å¤šå±é™©ã€‚è€Œ Sarsa åˆ™æ˜¯ç›¸å½“ä¿å®ˆï¼Œå®ƒä¼šé€‰æ‹©ç¦»å±é™©è¿œè¿œçš„ï¼Œè¿™å°±æ˜¯ä½¿ç”¨Sarsaæ–¹æ³•çš„ä¸åŒä¹‹å¤„ã€‚

è€Œè’™ç‰¹å¡ç½—çš„æ€æƒ³åˆ™æ˜¯ä¸€ç§ä»¥æ¦‚ç‡ç»Ÿè®¡ç†è®ºä¸ºæŒ‡å¯¼çš„æ•°å€¼è®¡ç®—æ–¹æ³•ã€‚é€šå¸¸è’™ç‰¹å¡ç½—æ–¹æ³•å¯ä»¥ç²—ç•¥åœ°åˆ†æˆä¸¤ç±»ï¼šä¸€ç±»æ˜¯æ‰€æ±‚è§£çš„é—®é¢˜æœ¬èº«å…·æœ‰å†…åœ¨çš„éšæœºæ€§ï¼Œå€ŸåŠ©è®¡ç®—æœºçš„è¿ç®—èƒ½åŠ›å¯ä»¥ç›´æ¥æ¨¡æ‹Ÿè¿™ç§éšæœºçš„è¿‡ç¨‹ã€‚

å¦ä¸€ç§ç±»å‹æ˜¯æ‰€æ±‚è§£é—®é¢˜å¯ä»¥è½¬åŒ–ä¸ºæŸç§éšæœºåˆ†å¸ƒçš„ç‰¹å¾æ•°ï¼Œæ¯”å¦‚éšæœºäº‹ä»¶å‡ºç°çš„æ¦‚ç‡ï¼Œæˆ–è€…éšæœºå˜é‡çš„æœŸæœ›å€¼ã€‚é€šè¿‡éšæœºæŠ½æ ·çš„æ–¹æ³•ï¼Œä»¥éšæœºäº‹ä»¶å‡ºç°çš„é¢‘ç‡ä¼°è®¡å…¶æ¦‚ç‡ï¼Œæˆ–è€…ä»¥æŠ½æ ·çš„æ•°å­—ç‰¹å¾ä¼°ç®—éšæœºå˜é‡çš„æ•°å­—ç‰¹å¾ï¼Œå¹¶å°†å…¶ä½œä¸ºé—®é¢˜çš„è§£ã€‚è¿™ç§æ–¹æ³•å¤šç”¨äºæ±‚è§£å¤æ‚çš„å¤šç»´ç§¯åˆ†é—®é¢˜ã€‚

å‡è®¾æˆ‘ä»¬è¦è®¡ç®—ä¸€ä¸ªä¸è§„åˆ™å›¾å½¢çš„é¢ç§¯ï¼Œé‚£ä¹ˆå›¾å½¢çš„ä¸è§„åˆ™ç¨‹åº¦å’Œåˆ†ææ€§è®¡ç®—ï¼ˆæ¯”å¦‚ï¼Œç§¯åˆ†ï¼‰çš„å¤æ‚ç¨‹åº¦æ˜¯æˆæ­£æ¯”çš„ã€‚è’™ç‰¹å¡ç½—æ–¹æ³•åŸºäºè¿™æ ·çš„æ€æƒ³ï¼šå‡æƒ³ä½ æœ‰ä¸€è¢‹è±†å­ï¼ŒæŠŠè±†å­å‡åŒ€åœ°æœè¿™ä¸ªå›¾å½¢ä¸Šæ’’ï¼Œç„¶åæ•°è¿™ä¸ªå›¾å½¢ä¹‹ä¸­æœ‰å¤šå°‘é¢—è±†å­ï¼Œè¿™ä¸ªè±†å­çš„æ•°ç›®å°±æ˜¯å›¾å½¢çš„é¢ç§¯ã€‚å½“ä½ çš„è±†å­è¶Šå°ï¼Œæ’’çš„è¶Šå¤šçš„æ—¶å€™ï¼Œç»“æœå°±è¶Šç²¾ç¡®ã€‚å€ŸåŠ©è®¡ç®—æœºç¨‹åºå¯ä»¥ç”Ÿæˆå¤§é‡å‡åŒ€åˆ†å¸ƒåæ ‡ç‚¹ï¼Œç„¶åç»Ÿè®¡å‡ºå›¾å½¢å†…çš„ç‚¹æ•°ï¼Œé€šè¿‡å®ƒä»¬å æ€»ç‚¹æ•°çš„æ¯”ä¾‹å’Œåæ ‡ç‚¹ç”ŸæˆèŒƒå›´çš„é¢ç§¯å°±å¯ä»¥æ±‚å‡ºå›¾å½¢é¢ç§¯ã€‚

æ„Ÿå…´è¶£çš„åŒå­¦å¯ä»¥å°è¯•ä¸€ä¸‹ï¼Œä½†æ˜¯ä½ å¯èƒ½ä¾ç„¶æ‰“ä¸è¿‡å¹³å‡æ•°ã€‚æˆ–è®¸å¤§é“è‡³ç®€å°±æ˜¯è¿™ä¸ªé“ç†å§ã€‚

",python sum sum return python class net self super net self forward self return python python class function self content name content name content else content param list param return float float import random import time return min return return return level range level range return sum level return sum return sum range return min return return sum range result result sum range return result result else result else result result result return result result else result else adjust global try pas except return flag range error error min else flag flag range show time time range print open list map pas prediction return sum else range range range range range range range print global try pas except adjust show return result result range print sarsa sarsa sarsa,issue,negative,negative,neutral,neutral,negative,negative
574620608,"### bot005-æ¹–å—å¤§å­¦å¾®è½¯å­¦ç”Ÿä¿±ä¹éƒ¨å“¼å“¼é˜Ÿç­–ç•¥åˆ†äº«

1. é¦–å…ˆï¼Œæˆ‘ä»¬é˜Ÿæ€»å…±è®¾ç½®äº†13ä¸ªactionï¼ŒåŒ…æ‹¬ä¸Šæ¬¡çš„é»„é‡‘ç‚¹ï¼Œä¸Šæ¬¡é»„é‡‘ç‚¹*0.618ï¼Œä¸Šä¸‰æ¬¡çš„é»„é‡‘ç‚¹å¹³å‡å€¼ï¼Œä¸Šä¸‰æ¬¡çš„é»„é‡‘ç‚¹å¹³å‡å€¼*0.618ï¼Œä¸Šäº”æ¬¡â€¦â€¦ç­‰ç­‰ï¼Œåœ¨æˆ‘ä»¬çœ‹æ¥ï¼Œactionè¶Šå¤šè¶Šå¥½ï¼Œå¤šå¤šç›Šå–„ã€‚ç•™ç»™æœºå™¨é€‰æ‹©çš„ä½™åœ°è¶Šå¤šï¼Œåˆ†æ•°å°±è¶Šæœ‰æŠŠæ¡ä¸Šå»ã€‚ï¼ˆå°½ç®¡åœ¨èµ›åçš„å¤ç›˜å‘ç°ï¼Œç”±äºå‚èµ›è€…å¯¹é»„é‡‘ç‚¹çš„æ…å±€ï¼Œå€˜è‹¥åªæœ‰å¹³å‡å€¼çš„å‚ä¸ï¼Œæ˜¯å¾ˆéš¾å¾—é«˜åˆ†çš„ï¼Œå¿…é¡»å°è¯•ä½¿ç”¨æ ‡å‡†å·®ç­‰ç­‰ï¼Œæˆ‘ä»¬ç»„åœ¨è¿™ä¸ªç‚¹ä¸Šç–å¿½äº†ï¼‰

2. æˆ‘ä»¬é˜Ÿæœ€å¼€å§‹çš„æ—¶å€™ï¼Œåªè®©æœºå™¨é€‰æ‹©ä¸€ä¸ªactionã€‚ç„¶åä¸¤ä¸ªæäº¤çš„æ•°ï¼Œéƒ½æ˜¯ç”±è¿™åŒä¸€ä¸ªactionç”Ÿæˆçš„ã€‚æµ‹è¯•æƒ…å†µä¸å®¹ä¹è§‚ã€‚ä¹‹åæˆ‘ä»¬æ›´æ”¹äº†ä¸€éƒ¨åˆ†çš„è®¾ç½®ï¼Œå°†æäº¤æ•°æ®æ›´æ”¹ä¸ºä¸€ä¸ªæ˜¯actionè®¡ç®—å‡ºçš„æ•°ï¼Œå¦ä¸€ä¸ªæ˜¯ç¬¬ä¸€ä¸ªæ•°æ®*0.618ï¼Œæ¸¸æˆæµ‹è¯•æƒ…å†µæå‡äº†ä¸å°‘ã€‚

3. æˆ‘ä»¬åˆšå¼€å§‹åŒä¸€æ¬¡æäº¤çš„ä¸¤ä¸ªæ•°æ®é‡‡å–çš„æ˜¯åŒä¸€ä¸ªactionï¼Œå¤§å¤§é™ä½äº†æ•ˆç‡åŠå‡†ç¡®æ€§ï¼Œä¹‹åæˆ‘ä»¬ç»„å°è¯•ä½¿æ¯ä¸ªæäº¤çš„æ•°éƒ½ä½¿ç”¨ä¸åŒçš„actionï¼Œæ•ˆæœä¸é”™ã€‚

4. åœ¨èµ›åœºä¸Šå‘æŒ¥å¤±è¯¯ä¸»è¦æ˜¯ç”±äºå¹³æ—¶æˆ‘ä»¬çš„æµ‹è¯•æ•°æ®éƒ½æ˜¯æ”¶æ•›çš„ï¼Œé»„é‡‘ç‚¹æ³¢åŠ¨ä¸å¤§ï¼Œä½†æ˜¯èµ›åœºä¸Šå¾ˆå¤šäººéƒ½é‡‡å–äº†æ‰°å±€çš„ç­–ç•¥ï¼Œå¯¼è‡´é»„é‡‘ç‚¹æ³¢åŠ¨è¾ƒå¤§ï¼Œä¸æˆ‘ä»¬ç»„é¢„æƒ³çš„æƒ…å†µåå·®è¾ƒå¤šã€‚ç”±äºæ²¡æœ‰å¯¹å¤§æ³¢åŠ¨æœ‰å¯¹åº”ä¹‹ç­–ï¼Œæ‰€ä»¥å¯¼è‡´äº†å¤±è¯¯ï¼Œæˆç»©æå‡ååˆ†ç¼“æ…¢ã€‚

5. åœ¨å¾®è½¯æä¾›çš„RLBotDemoï¼Œå¯¹Q-Learningçš„è®­ç»ƒé‡Œï¼Œæ¯å›åˆçš„rewardå§‹ç»ˆæ˜¯å°ç»„æ¯ä¸ªå›åˆå¾—åˆ°çš„åˆ†æ•°ã€‚è¿™æ ·å°±ä¼šå¯¼è‡´ä¸€ä¸ªæƒ…å†µï¼šåœ¨å¤§éƒ¨åˆ†çš„å›åˆé‡Œï¼Œrewardå§‹ç»ˆæ˜¯0ï¼Œè¿™æ ·ä½¿å¾—Q-learningçš„è®­ç»ƒæ•ˆç‡æä¸ºä½ä¸‹ã€‚æ‰€ä»¥æˆ‘ä»¬æ›´æ”¹äº†rewardçš„è®¡ç®—æœºåˆ¶â€”â€”å¦‚æœæˆ‘ä»¬ç»„çš„ç¦»é»„é‡‘ç‚¹æ˜¯æœ€è¿‘çš„ï¼Œåˆ™rewardè®¾ç½®ä¸º1000ï¼›å¦‚æœæ˜¯æœ€è¿œçš„ï¼Œåˆ™è®¾ç½®ä¸º-1000ï¼›å¦åˆ™ï¼Œå°†rewardè®¾ç½®ä¸º500-200*abs(æˆ‘ä»¬ç»„æœ€æ¥è¿‘é»„é‡‘ç‚¹çš„æ•°-é»„é‡‘ç‚¹)ã€‚è¿™æ ·ä¼šæé«˜Q-learningçš„è®­ç»ƒæ•ˆæœï¼ˆä¸è¿‡èµ›åå¤ç›˜å‘ç°è¿™æ ·çš„å¾—åˆ†ç®—æ³•ä»ç„¶æœ‰ç‚¹é—®é¢˜ï¼Œä¸åº”è¯¥è®¾ç½®Â±1000è¿™æ ·çš„åˆ†æ•°ï¼Œè®¾ç½®è¿™æ ·çš„åˆ†æ•°åè€Œä¼šæ‰°ä¹±æœºå™¨çš„è®­ç»ƒï¼‰ã€‚å…¶ç›¸å…³éƒ¨åˆ†ä»£ç å¦‚ä¸‹ï¼š

```
lastScore = 500 - 200 * min(abs(todayGoldenList.goldenNumberList[-1] - number1), abs(todayGoldenList.goldenNumberList[-1] - number2))
tmpState = 0
if len(lastRoundResp.data.rounds) > 0:
    scoreArray = [user for user in lastRoundResp.data.rounds[0].userNumbers if user.userId == userid]
    if len(scoreArray) == 1:
        tmpState = scoreArray[0].score
if tmpState > 0:
    lastScore = 1000
elif tmpState == -2:
    lastScore = -1000
```

",min number number user user,issue,negative,neutral,neutral,neutral,neutral,neutral
573994173,"  ### bot29-æ·±åœ³å¤§å­¦åŸå¾®è½¯å­¦ç”Ÿä¿±ä¹éƒ¨ç­–ç•¥åˆ†äº«
  æ¯”èµ›åˆæœŸï¼Œæˆ‘ä»¬é‡‡å–çš„ç­–ç•¥æ˜¯åœ¨é»„é‡‘ç‚¹å°äº3çš„æ—¶å€™æäº¤ä¸€ä¸ª99.999è¿›è¡Œæ‰°åŠ¨ã€‚ç”±äºåªåœ¨é»„é‡‘ç‚¹å¾ˆå°æ—¶è¿›è¡Œæ‰°åŠ¨ï¼Œæ‰€ä»¥æ‰°åŠ¨å¯¹å…¶ä»–ç»„çš„å½±å“é¢„æœŸå°†ä¼šè¾ƒå¤§ã€‚æ ¹æ®æˆ‘ä»¬çš„è®¾æƒ³ï¼Œç”±äºé»„é‡‘ç‚¹æ¸¸æˆçš„è¯¯å·®å¯ä»¥çœ‹åšè®¸å¤šé‡çš„å åŠ ï¼Œåˆ™æ ¹æ®ä¸­å¿ƒæé™å®šç†ï¼Œè¯¥æ¸¸æˆè¯¯å·®æ»¡è¶³æ­£æ€åˆ†å¸ƒã€‚æˆ‘ä»¬è®¾éæ‰°åŠ¨å€¼ä¸ºä¹‹å‰é»„é‡‘ç‚¹çš„åŠ æƒå¹³å‡å€¼ã€‚
  æ¯”èµ›åæœŸï¼Œåœ¨å‘ç°é»„é‡‘ç‚¹å€¼é€æ¸ç¨³å®šåï¼ˆå³æ¯è½®å˜åŒ–åœ¨1å·¦å³ï¼‰ï¼Œæˆ‘ä»¬æ”¾å¼ƒæ‰°åŠ¨ï¼Œå½“é»„é‡‘ç‚¹å€¼å°äº4åœ¨å¹³å‡å€¼åŸºç¡€ä¸Šå‡å»1.3ä½œä¸ºå¦ä¸€ä¸ªå€¼æäº¤ï¼Œå½“é»„é‡‘ç‚¹å€¼å¤§äº4åŠ ä¸Š1.3æäº¤ã€‚
  æˆ‘ä»¬åæœŸåæ€å­˜åœ¨çš„ä¸»è¦é—®é¢˜æ˜¯æ¨å¯¼æ—¶æ²¡æœ‰è€ƒè™‘åæ¬¡é—®é¢˜ï¼Œå¦‚æœåŠ å…¥å‚èµ›é˜Ÿä¼æ•°ç›®ï¼ŒåŒæ ·å‡è®¾æ­£æ€åˆ†å¸ƒï¼Œå¯èƒ½ä¼šæœ‰ä¸åŒçš„ç»“æœã€‚
  éƒ¨åˆ†ä»£ç å¦‚ä¸‹ï¼š
  
    sigma = 2 if lastgoldenNumber < 5 else 0.1 #ä¸Šä¸€ä¸ªé»„é‡‘ç‚¹å°äº5èµ‹å€¼2

    avg = avg * 0.01 * normalize + lastgoldenNumber 
    normalize = normalize * 0.01 + 1

    avg /= normalize #ä¹‹å‰é»„é‡‘ç‚¹æ•°åŠ æƒå¹³å‡å¾—averageå€¼ï¼Œæœ€è¿‘ä¸€æ¬¡æƒå€¼æœ€å¤§

    s = 2 * sigma * TeamNumber * random.uniform(0, 1)

    number1 = avg

    number2 = min(avg + s, 99.999) #å‰åŠåœºçš„ç­–ç•¥ï¼Œç¬¬äºŒä¸ªæ•°å–99.999æ‰°åŠ¨æˆ–æ˜¯åœ¨ç¬¬ä¸€ä¸ªæ•°åŸºç¡€ä¸Šæ ¹æ®é˜Ÿä¼æ•°ç›®å–æ­£æ€åˆ†å¸ƒæ‰°åŠ¨

    if lastgoldenNumber >= 4:

        number2 = number1 - 1.3 #ååŠåœºçš„ç­–ç•¥ï¼ŒåŠ å‡1.3

    else:

        number2 = number1 + 1.3

    return number1, number2, avg, normalize
",sigma else normalize normalize normalize normalize sigma number number min number number else number number return number number normalize,issue,positive,neutral,neutral,neutral,neutral,neutral
569177912,"> swagger æ‰€ç»™[æ¥å£jsonæ–‡æ¡£](https://goldennumber.aiedu.msra.cn/swagger/v1/swagger.json)ä¸­
> hoståœ°å€ä¸º`goldennumber.azurewebsites.net`ï¼Œç›´æ¥åˆ©ç”¨pyswaggerè§£æä¼šå¯¼è‡´403ï¼Œæ¨æµ‹å¯èƒ½æ˜¯æ²¡æ¥å¾—åŠä¿®æ”¹å†å²ç‰ˆæœ¬æ‰€è‡´ï¼Ÿ
> é”™è¯¯å†…å®¹ `Error 403 - This web app is stopped.`
> 
> ```js
> {
>   ""x-generator"": ""NSwag v12.3.1.0 (NJsonSchema v9.14.1.0 (Newtonsoft.Json v12.0.0.0))"",
>   ""swagger"": ""2.0"",
>   ""info"": {
>     ""title"": ""é»„é‡‘ç‚¹æœåŠ¡å™¨æ¥å£"",
>     ""description"": ""é»„é‡‘ç‚¹æœåŠ¡å™¨æ¥å£"",
>     ""version"": ""1.0.0""
>   },
>   ""host"": ""goldennumber.azurewebsites.net"",
>   ""schemes"": [
>     ""https""
>   ],
>   ""produces"": [
>     ""application/json""
>   ]
> }
> ```
è°¢è°¢ä½ æŒ‡å‡ºè¿™ä¸€é—®é¢˜ã€‚
å·²ç»ä¿®æ­£Swaggeræè¿°ä¸­çš„hostå€¼ã€‚ç°åœ¨å°†è¿”å›å’Œæ¯”èµ›è§„åˆ™ä¸­ä¸€è‡´çš„`goldennumber.aiedu.msra.cn`ä½œä¸ºhostã€‚",swagger error web swagger title description version host,issue,negative,neutral,neutral,neutral,neutral,neutral
563256751,"> æˆ‘è§‰å¾—æ˜¯æ­£ç¡®çš„ã€‚æœ‰æ—¶é—´çš„è¯ï¼Œä½ å¯ä»¥æŒ‰ç…§è¿™ä¸ªå…¬å¼æ”¹ä¸€ä¸‹ä»£ç ï¼Œçœ‹çœ‹å‰åçš„è®­ç»ƒè¿‡ç¨‹/ç»“æœæœ‰æ— å˜åŒ–ã€‚æ¨æµ‹åº”è¯¥æ˜¯å¥½äº›å§ã€‚

æˆ‘ä»Šå¤©æ™šä¸Šè·‘äº†ä¸€ä¸‹ï¼Œç¬¬ä¸€ä¸ªå›¾æ˜¯åªæœ‰å…¬å¼é’±çš„
![image](https://user-images.githubusercontent.com/37367416/70442373-2cc7cc80-1ad1-11ea-80ce-7b6c6e20a3a4.png)
![image](https://user-images.githubusercontent.com/37367416/70442377-2f2a2680-1ad1-11ea-8f29-98568010a313.png)
ç¬¬äºŒä¸ªå›¾æ˜¯ä¿®æ”¹å…¬å¼åçš„
![image](https://user-images.githubusercontent.com/37367416/70442402-3c471580-1ad1-11ea-9013-7bafcb3a27af.png)
![image](https://user-images.githubusercontent.com/37367416/70442413-41a46000-1ad1-11ea-8bd0-f2b62d717891.png)

",image image image image,issue,negative,neutral,neutral,neutral,neutral,neutral
544863955,"> ç¬¬03.2èŠ‚ï¼Œ3.2.4ï¼Œä¸ºä»€ä¹ˆä¸èƒ½ç”¨å‡æ–¹å·®åšä¸ºåˆ†ç±»é—®é¢˜çš„æŸå¤±å‡½æ•°ï¼Œå…¶ä¸­æåˆ°äº†æŸå¤±å‡½æ•°çš„å‡¸å‡½æ•°é—®é¢˜ã€‚èƒ½å¦ä»¥å›¾å½¢åŒ–çš„å½¢å¼å±•ç¤ºï¼Œå½“ä½¿ç”¨å‡æ–¹å·®åšä¸ºåˆ†ç±»é—®é¢˜çš„æŸå¤±å‡½æ•°æ—¶ï¼Œå…¶å‡½æ•°å›¾åƒæ˜¯ä»€ä¹ˆæ ·å­ï¼Ÿ

å¯¹äºåˆ†ç±»é—®é¢˜ï¼Œå¦‚æœä½¿ç”¨äº¤å‰ç†µï¼Œåˆ™æ¨å¯¼dZçš„å…¬å¼ä¸ºï¼š

![image](https://user-images.githubusercontent.com/44423567/67270391-2d89ac80-f4eb-11e9-8c84-330ae0179b9d.png)

æ‰€ä»¥ï¼Œè®¡ç®—dZæ—¶ï¼Œå¯ç”¨å…¬å¼ï¼š

![image](https://user-images.githubusercontent.com/44423567/67270627-9f61f600-f4eb-11e9-9123-10df52a9b22c.png)

dZå…³äºaçš„å‡½æ•°å›¾åƒé•¿è¿™ä¸ªæ ·å­ï¼Œä¸ºä¾¿äºå¯è§†åŒ–ï¼Œæ­¤ä¾‹ä¸­yå–2ï¼š

![image](https://user-images.githubusercontent.com/44423567/67270455-4a25e480-f4eb-11e9-9d38-1b13e70b64c1.png)

ä»å›¾ä¸­å¯è§ï¼ŒdZå…³äºaçš„å˜åŒ–å•è°ƒï¼Œä¸”dZå¯¹åº”å”¯ä¸€çš„a

ä½†æ˜¯ï¼Œå½“ä½¿ç”¨MSElossæ—¶ï¼Œæ¨å¯¼dZçš„å…¬å¼å˜ä¸ºï¼š

![image](https://user-images.githubusercontent.com/44423567/67270500-5f9b0e80-f4eb-11e9-9b39-1d7a82d097e9.png)

æ‰€ä»¥ï¼Œè®¡ç®—dZæ—¶ï¼Œå…¬å¼å˜ä¸ºï¼š

![image](https://user-images.githubusercontent.com/44423567/67270523-6cb7fd80-f4eb-11e9-9518-923d11f203a8.png)

æ­¤æ—¶ï¼ŒdZå…³äºaçš„å‡½æ•°å›¾åƒä¸ºï¼Œä¸ºä¾¿äºå¯è§†åŒ–ï¼Œæ­¤ä¾‹ä¸­yå–2ï¼š

![image](https://user-images.githubusercontent.com/44423567/67270549-7b061980-f4eb-11e9-887b-0766674e150f.png)

å¯è§ï¼Œå½“åœ¨åŒºé—´[0, y]ä¸­æ—¶ï¼Œæ¯ä¸ªdZå¯¹åº”ä¸¤ä¸ªæˆ–ä¸‰ä¸ªaçš„å–å€¼ï¼Œæ‰€ä»¥ä¼šé€ æˆdZåœ¨åŒºé—´[0, y]ä¸Šçš„éœ‡è¡ã€‚

â€”â€”åå—ç†å·¥å¤§å­¦MSC",image image image image image image,issue,negative,neutral,neutral,neutral,neutral,neutral
541528896,"So is there an equivalent available in English? I mean, non-chinese speaking developers could (and I for my part do) feel left out by a repo which is called `ai-edu` which indicates it's ""the one and only"" provided by MS. I would understand it, if it's called `ai-edu-zn` because that would leave room for an English version.
Long story short: Global language in programming is English from historical reasons and I find it rather rude to create a non-english information source. Of course I'm not entitled to anything provided by MS / the open source community, but I think I'm entitled to speak my mind.",equivalent available mean speaking could part feel left one provided would understand would leave room version long story short global language historical find rather rude create information source course anything provided open source community think speak mind,issue,negative,negative,neutral,neutral,negative,negative
541499188,"This repo was prepared for Chinese students who want to study artificial neural network by MSRA, so it's in Chinese language. ",prepared want study artificial neural network language,issue,negative,negative,negative,negative,negative,negative
537403333,"ç”±äºä¿¡æ¯é‡å‡½æ•°å¯å°†æ¦‚ç‡å”¯ä¸€åœ°æ˜ å°„ä¸ºéè´Ÿæ•°ä¸”å•è°ƒä¸‹é™ï¼Œæ•…å¯å°†ä¿¡æ¯é‡çœ‹ä½œåŒä¸€äº‹ä»¶çš„ä¸åŒåˆ†åˆ«é—´çš„â€œè·ç¦»â€ã€‚
å–æ‰€æœ‰æ ·æœ¬ç‚¹Xä¸­çš„ä»»æ„æ ·æœ¬ç‚¹X_iï¼ŒP_label(X_i) = 0 or 1ï¼ŒP_Predict(X_i) in [0, 1]ï¼Œæ­¤æ—¶é¢„æµ‹åˆ†å¸ƒä¸å®é™…åˆ†å¸ƒåœ¨æ­¤ç‚¹çš„â€œè·ç¦»â€ä¸ºD = I(P_Predict(X_i) ) = -log(P_Predict(X_i))
D_KL(X) = sum(P_label(X_i)log(P_label(X_i) / P_Predict(X_i) )) = sum(-log(P_Predict(X_i))) = sum(D)å¯è§å¯¹â€œè·ç¦»â€æœ‰è´¡çŒ®çš„æ ·æœ¬ç‚¹ä¸ºP(X_i) = 1çš„æ ·æœ¬ç‚¹ï¼Œä¹Ÿå³å®é™…åˆ†å¸ƒä¸­å­˜åœ¨çš„ç‚¹ã€‚                                                                                                                                                                  
                                                                                                                                                    --æè°·æ–Œ",sum log sum sum,issue,negative,neutral,neutral,neutral,neutral,neutral
532079352,"It's sad to see that even Microsoft jumps onto the non-english-repositories train. There was some [discussion](https://www.reddit.com/r/github/comments/cj3am6/anyone_else_frustrated_by_the_inability_to_filter/) on Reddit about non-english repos and the consensus was, that the main language should be English. Of course, Reddit is by far not an authoritative source but it shows that this opinion is spread.",sad see even onto train discussion consensus main language course far authoritative source opinion spread,issue,negative,positive,neutral,neutral,positive,positive
514908316,"è°¢è°¢------------------ åŸå§‹é‚®ä»¶ ------------------
å‘ä»¶äºº: ""xiaowuhu""<notifications@github.com>
å‘é€æ—¶é—´: 2019å¹´7æœˆ25æ—¥(æ˜ŸæœŸå››) ä¸­åˆ12:31
æ”¶ä»¶äºº: ""microsoft/ai-edu""<ai-edu@noreply.github.com>;
æŠ„é€: ""yhx0105""<1370117133@qq.com>;""Author""<author@noreply.github.com>;
ä¸»é¢˜: Re: [microsoft/ai-edu]  I have a problem in B6  step2  0.4.4 (#299)



Oh, I got your point. Yes, you are right. I will remove this formular. Thanks!
 
&mdash;
You are receiving this because you authored the thread.
Reply to this email directly, view it on GitHub, or mute the thread.",author author problem step oh got point yes right remove formular thanks thread reply directly view mute thread,issue,negative,positive,positive,positive,positive,positive
514891248,"Oh, I got your point. Yes, you are right. I will remove this formular. Thanks!",oh got point yes right remove formular thanks,issue,positive,positive,positive,positive,positive,positive
508967853,"> > [https://github.com/maoyutao/CodeSearch/blob/master/ç¬¬ä¸€å‘¨å­¦ä¹ .md](https://github.com/maoyutao/CodeSearch/blob/master/%E7%AC%AC%E4%B8%80%E5%91%A8%E5%AD%A6%E4%B9%A0.md)
> 
> can not open your link, could you double check or use all English in your address? thanks.

sorry, I forgot to change the default settings. now you can open it.",open link could double check use address thanks sorry forgot change default open,issue,negative,negative,neutral,neutral,negative,negative
508932814,"> [https://github.com/maoyutao/CodeSearch/blob/master/ç¬¬ä¸€å‘¨å­¦ä¹ .md](https://github.com/maoyutao/CodeSearch/blob/master/%E7%AC%AC%E4%B8%80%E5%91%A8%E5%AD%A6%E4%B9%A0.md)

can not open your link, could you double check or use all English in your address? thanks. ",open link could double check use address thanks,issue,negative,positive,neutral,neutral,positive,positive
507156078,Close due to the wrong reply format.,close due wrong reply format,issue,negative,negative,negative,negative,negative,negative
507155571,"#173 #179 #181 #188 #194 #195 #196 #197 #240 #243
may belong this challenge too, close them due to the wrong reply format.",may belong challenge close due wrong reply format,issue,negative,negative,negative,negative,negative,negative
487806477,You can add a link in the root README.md file.,add link root file,issue,negative,neutral,neutral,neutral,neutral,neutral
484035244,"æˆ‘å·²ç»å¸®åŠ©ä¿®æ”¹äº†



Lillian

________________________________
From: HongyanHu <notifications@github.com>
Sent: Wednesday, April 17, 2019 4:33:37 PM
To: Microsoft/ai-edu
Cc: Lillian Zheng; State change
Subject: Re: [Microsoft/ai-edu] å¢åŠ ä¸€ä¸ªåŸºäºè®¤çŸ¥æœåŠ¡çš„å®è·µæ¡ˆä¾‹ VideoLabel (#198)


è¯¥æ¬¡ç‰ˆæœ¬çš„æäº¤å¥½åƒå­˜åœ¨æ–‡ä»¶å¤¹åç§°ä¸­ç©ºæ ¼æ— æ³•è¢«README.mdè¿æ¥çš„é—®é¢˜ï¼Œèƒ½å¦æ’¤é”€æ­¤æ¬¡æäº¤ï¼Œæˆ‘ä¿®æ”¹åé‡æ–°PR

â€•
You are receiving this because you modified the open/close state.
Reply to this email directly, view it on GitHub<https://nam06.safelinks.protection.outlook.com/?url=https%3A%2F%2Fgithub.com%2FMicrosoft%2Fai-edu%2Fpull%2F198%23issuecomment-483990803&data=02%7C01%7Clillzhen%40microsoft.com%7C8d781e7546fb4977303408d6c30f638e%7C72f988bf86f141af91ab2d7cd011db47%7C1%7C0%7C636910868195822454&sdata=yjiabi9Cf8NGJ8anR69c%2FhHJ32k0DFUeZ52f9MAxtkU%3D&reserved=0>, or mute the thread<https://nam06.safelinks.protection.outlook.com/?url=https%3A%2F%2Fgithub.com%2Fnotifications%2Funsubscribe-auth%2FAlAiDKZqs2rfOyPbcUObDilpaTUUKDjAks5vhtxhgaJpZM4cpFgN&data=02%7C01%7Clillzhen%40microsoft.com%7C8d781e7546fb4977303408d6c30f638e%7C72f988bf86f141af91ab2d7cd011db47%7C1%7C0%7C636910868195832462&sdata=TXLHvVULPAoKheOJfjNZ3pCXuYjhWqI5pyHFigAQ7sA%3D&reserved=0>.
",sent state change subject state reply directly view mute thread,issue,negative,negative,neutral,neutral,negative,negative
483948218,That's OK. It's kind of bug in github.com. This change would also increase maintain cost.,kind bug change would also increase maintain cost,issue,positive,positive,positive,positive,positive,positive
483947787,"let's skip this change, it will only affect user on Chrome. Using vscode is working well.",let skip change affect user chrome working well,issue,negative,neutral,neutral,neutral,neutral,neutral
482802096,"fixed, please check. Thanks!",fixed please check thanks,issue,positive,positive,positive,positive,positive,positive
480558014,"Forget to update the readme.md file, please help me add it",forget update file please help add,issue,negative,neutral,neutral,neutral,neutral,neutral
451659263,"Thanks for reporting, I will fix it.

Lillian

From: Scarlett Li <notifications@github.com>
Sent: Saturday, January 5, 2019 12:30 PM
To: Microsoft/ai-edu <ai-edu@noreply.github.com>
Cc: Subscribed <subscribed@noreply.github.com>
Subject: [Microsoft/ai-edu] broken links (#82)


there are 2 broken links in https://github.com/Microsoft/ai-edu/blob/master/C-%E5%BC%80%E5%8F%91%E5%B7%A5%E5%85%B7%E4%B8%8E%E7%8E%AF%E5%A2%83/README.md<https://nam06.safelinks.protection.outlook.com/?url=https%3A%2F%2Fgithub.com%2FMicrosoft%2Fai-edu%2Fblob%2Fmaster%2FC-%25E5%25BC%2580%25E5%258F%2591%25E5%25B7%25A5%25E5%2585%25B7%25E4%25B8%258E%25E7%258E%25AF%25E5%25A2%2583%2FREADME.md&data=02%7C01%7Clillzhen%40microsoft.com%7C614eb747e13d46e121fa08d672c682d1%7C72f988bf86f141af91ab2d7cd011db47%7C1%7C0%7C636822594261454759&sdata=WzHd2j9oUcb%2Fd54J4OnMXgDYAvUbXMp6U381y3Z5bbU%3D&reserved=0>
:

  *   https://github.com/Microsoft/ai-edu/blob/master/C-%E5%BC%80%E5%8F%91%E5%B7%A5%E5%85%B7%E4%B8%8E%E7%8E%AF%E5%A2%83/C-%E5%BC%80%E5%8F%91%E5%B7%A5%E5%85%B7%E4%B8%8E%E7%8E%AF%E5%A2%83/README.md<https://nam06.safelinks.protection.outlook.com/?url=https%3A%2F%2Fgithub.com%2FMicrosoft%2Fai-edu%2Fblob%2Fmaster%2FC-%25E5%25BC%2580%25E5%258F%2591%25E5%25B7%25A5%25E5%2585%25B7%25E4%25B8%258E%25E7%258E%25AF%25E5%25A2%2583%2FC-%25E5%25BC%2580%25E5%258F%2591%25E5%25B7%25A5%25E5%2585%25B7%25E4%25B8%258E%25E7%258E%25AF%25E5%25A2%2583%2FREADME.md&data=02%7C01%7Clillzhen%40microsoft.com%7C614eb747e13d46e121fa08d672c682d1%7C72f988bf86f141af91ab2d7cd011db47%7C1%7C0%7C636822594261454759&sdata=HqGP1lvubg9rhe%2FEa4%2F1567yV6B%2FxMRoprJ8caoAW3M%3D&reserved=0>
-https://github.com/Microsoft/ai-edu/blob/master/C-%E5%BC%80%E5%8F%91%E5%B7%A5%E5%85%B7%E4%B8%8E%E7%8E%AF%E5%A2%83/C-%E5%BC%80%E5%8F%91%E5%B7%A5%E5%85%B7%E4%B8%8E%E7%8E%AF%E5%A2%83/README.md<https://nam06.safelinks.protection.outlook.com/?url=https%3A%2F%2Fgithub.com%2FMicrosoft%2Fai-edu%2Fblob%2Fmaster%2FC-%25E5%25BC%2580%25E5%258F%2591%25E5%25B7%25A5%25E5%2585%25B7%25E4%25B8%258E%25E7%258E%25AF%25E5%25A2%2583%2FC-%25E5%25BC%2580%25E5%258F%2591%25E5%25B7%25A5%25E5%2585%25B7%25E4%25B8%258E%25E7%258E%25AF%25E5%25A2%2583%2FREADME.md&data=02%7C01%7Clillzhen%40microsoft.com%7C614eb747e13d46e121fa08d672c682d1%7C72f988bf86f141af91ab2d7cd011db47%7C1%7C0%7C636822594261464764&sdata=R4yvqmIKLGeWpEDu5dvQgnTSrYqeb7sYuYVCD0rIujw%3D&reserved=0>

â€”
You are receiving this because you are subscribed to this thread.
Reply to this email directly, view it on GitHub<https://nam06.safelinks.protection.outlook.com/?url=https%3A%2F%2Fgithub.com%2FMicrosoft%2Fai-edu%2Fissues%2F82&data=02%7C01%7Clillzhen%40microsoft.com%7C614eb747e13d46e121fa08d672c682d1%7C72f988bf86f141af91ab2d7cd011db47%7C1%7C0%7C636822594261464764&sdata=ujmo%2FS45KdHIzsHYaI5nAxt6YKhDKHNUXV0yX7uZQZ4%3D&reserved=0>, or mute the thread<https://nam06.safelinks.protection.outlook.com/?url=https%3A%2F%2Fgithub.com%2Fnotifications%2Funsubscribe-auth%2FAlAiDHfJLlu4y9aHHuov0fAn0Ore2mshks5vACpggaJpZM4ZvJSV&data=02%7C01%7Clillzhen%40microsoft.com%7C614eb747e13d46e121fa08d672c682d1%7C72f988bf86f141af91ab2d7cd011db47%7C1%7C0%7C636822594261474773&sdata=F9bummnw1YLPjnaXEe9gwm0vpkyvY8tSqDs8VCZCoOE%3D&reserved=0>.
",thanks fix li sent subject broken link broken link thread reply directly view mute thread,issue,negative,negative,negative,negative,negative,negative
443151018,"add new blogs, change blog's name, etc",add new change name,issue,negative,positive,positive,positive,positive,positive
